path,bytes,sha256,area,initial_disposition,reason
.github/workflows/ci.yml,3345,c2e142c60d12c19974658482254b2dc51dfe983d482ce07a4f343565944446bb,ci,keep-audit,CI/release automation requires validation
.gitignore,442,1b80f8d3121512adfaea39ea299d7103b87830c5dd93e2c21cb5bbc4602aafbc,root-surface,keep-consolidate,Public launch/package/project surface
AGENTS.md,2679,92c2b92de42fcb02ecebadbabb3110eb458b9757cbf2df78dd1d9a7bfe32f57e,root-surface,keep-consolidate,Public launch/package/project surface
HANDOFF.md,8916,e934325be698ad0259539a4dd12b3c5e37d0cac29aad1eece7291fce1941cfad,root-surface,keep-consolidate,Public launch/package/project surface
HANDOFF_PROMPT.md,2759,17e7529979bb0f070d755be05538738012b27d04abb4b7ca1d681d8486df9bc0,root-surface,keep-consolidate,Public launch/package/project surface
LICENSE,10779,9a8d00a5a8ae8ac967813a067ac8f90c58c3cc5c558e542dedadf16a1b4ce5ca,root-surface,keep-consolidate,Public launch/package/project surface
README.md,5576,90ecc54a6ea7caa8dc2945fd9be780bedc351a699f3d6cf9aa12ff06b25ad135,root-surface,keep-consolidate,Public launch/package/project surface
ROADMAP.md,4651,0dd7c597a978de5d04c249d56fb35c23e4ee7d0387ad3fff58911517409d551d,root-surface,keep-consolidate,Public launch/package/project surface
SEVEN_REAL.md,4313,49423638564b874df7c15f40259dd21c44d12b88a16ac09373d603a19619ca60,root-surface,keep-consolidate,Public launch/package/project surface
_legacy/v3/AUDIT_LOG.md,4778,06d641b8539f975214ee89ecbc263358b68c48b8af656164fa8bc73791a79083,legacy-documentation,review-archive,Reconcile claims; preserve only useful history/evidence
_legacy/v3/CHANGELOG.md,10342,8d125e8455ecc4cbc77fa2dbe9083e5ff676ddf794a6f345360368511cb10666,legacy-documentation,review-archive,Reconcile claims; preserve only useful history/evidence
_legacy/v3/ENHANCEMENT-INTEGRATION.txt,751,8b21ad84134e50ed73f9e5ad3f9333f3322aa91dc219321552c99d0755090082,legacy-root,review-port,Inspect legacy root artifact (ENHANCEMENT-INTEGRATION.txt)
_legacy/v3/FEATURES.md,7336,e482b0ae65baaeed5a59f4aa84675ac7fd79911d3f97e48df7287abf8f1e3790,legacy-documentation,review-archive,Reconcile claims; preserve only useful history/evidence
_legacy/v3/KNOWN_ISSUES.md,5658,16b563e363e21bab875aaadd8bac71327dffcb328462e797e774876d9a01a6fd,legacy-documentation,review-archive,Reconcile claims; preserve only useful history/evidence
_legacy/v3/README.md,336,6d743261589131e43b09694a26f2ac30c9ee9e8fcd08b34b1245c33f206e23be,legacy-documentation,review-archive,Reconcile claims; preserve only useful history/evidence
_legacy/v3/SETUP.md,5605,01a13c3fb522cadf641f89273633425d850321660b29db1003085283adb20e66,legacy-documentation,review-archive,Reconcile claims; preserve only useful history/evidence
_legacy/v3/SEVEN_AUDIT_v3.2.15.md,11485,11e7e3076f7d314cd6d72e040e2b5789447c342b2af21a48c3058e35c10b50a3,legacy-documentation,review-archive,Reconcile claims; preserve only useful history/evidence
_legacy/v3/SEVEN_AUDIT_v3.2.16.md,10373,d3e059c0d528f4243ff142098d6ba59666eeeb684d6e87729c4c4628bbbb2095,legacy-documentation,review-archive,Reconcile claims; preserve only useful history/evidence
_legacy/v3/SEVEN_AUDIT_v3.2.17.md,13305,6ca12e72ad45a4cdf8eaa9c7b05de2f5bf76a6b566282b3814df11bbca4df021,legacy-documentation,review-archive,Reconcile claims; preserve only useful history/evidence
_legacy/v3/SEVEN_AUDIT_v3.2.18.md,9029,3f4cec68608d3abb68c5ecdeb453c04ef4cdfb30f9862112acc2ff3bec310dbf,legacy-documentation,review-archive,Reconcile claims; preserve only useful history/evidence
_legacy/v3/SEVEN_AUDIT_v3.2.19.md,10961,2cbf5a7b5a058aac83d601490b3e48f2fc5ec091363e2944252d429bb777103e,legacy-documentation,review-archive,Reconcile claims; preserve only useful history/evidence
_legacy/v3/SEVEN_AUDIT_v3.2.19_FINAL.md,7739,203ef81117411ef342482be0ea0934bb06e1507c31e22cfda8057ca3c43f5287,legacy-documentation,review-archive,Reconcile claims; preserve only useful history/evidence
_legacy/v3/SEVEN_CODE_AUDIT_v3.2.8.md,13548,ceeabf4739dea9deeb2e5d2f947f50e4a04c708eecffa64b41240d6d3f591f7d,legacy-documentation,review-archive,Reconcile claims; preserve only useful history/evidence
_legacy/v3/__init__.py,31,754741260c3e3bbb7a3dc26d84766a151472e2b851b68e24f204c7f7f95e1946,legacy-root,review-port,Inspect legacy root artifact (__init__.py)
_legacy/v3/_analyze_convos.py,531,dd3026aeb0dfc22800435367a338ff635d1c14310661d7ab34bc110c6a84111c,legacy-root,review-port,Inspect legacy root artifact (_analyze_convos.py)
_legacy/v3/_analyze_db.py,1198,aecf6a79d9f3d1b011d65ba125e3f145ce83a02f63e2e5eed631cd9ba434490f,legacy-root,review-port,Inspect legacy root artifact (_analyze_db.py)
_legacy/v3/_analyze_session.py,5135,8d3d340c600bd21314639abc84ae0ecebbdac65357f53816a2403cc34017a6d3,legacy-root,review-port,Inspect legacy root artifact (_analyze_session.py)
_legacy/v3/analyze_code.py,5197,0abd1f3f7d75343d07a0bae24333da7b016923a09a20d99a75188691ccfc7764,legacy-root,review-port,Inspect legacy root artifact (analyze_code.py)
_legacy/v3/build_package.ps1,6778,4ff9d18140512fafe73cab3bc73ade8ab048ede9055f13d64f82715c22f08553,legacy-lifecycle,review-port,Inspect setup/start/update/uninstall behavior for recovery
_legacy/v3/config.py,31699,156c0b8653c177ad8ac3a8625d5d79b499466487945524f8862e02c88a32bf6e,legacy-root,review-port,Inspect legacy root artifact (config.py)
_legacy/v3/core/__init__.py,15,196466b5894c33fecc604abdf005bce5e40b500fecc50dd1f07e957e47d7dcea,legacy-core,review-port,Inspect for real behavior worth porting to seven/
_legacy/v3/core/affective_computing_deep.py,25027,2c2bf423f101e03d8542039e05422da063b4e43273cf441dfd0026419678733f,legacy-core,review-port,Inspect for real behavior worth porting to seven/
_legacy/v3/core/agent_delegation.py,12163,0261fc1e2d69dc568c4068d076e0667179ae6bc0120743b31ac842aa5b30baf6,legacy-core,review-port,Inspect for real behavior worth porting to seven/
_legacy/v3/core/autonomous_agent.py,9046,10eced097f190da7653de6cc93c5093fcb1dd7fa2467f721bab61b434fdc2902,legacy-core,review-port,Inspect for real behavior worth porting to seven/
_legacy/v3/core/autonomous_handlers.py,11223,38894b99ef5c976e1e4c8229d612db4e6e2a365cc3dd2a36a486bb9f9ddb3004,legacy-core,review-port,Inspect for real behavior worth porting to seven/
_legacy/v3/core/autonomous_life.py,23640,da1361e5eff476649d0435b5c4c29882e7cab6c0f969ad609f4dbb3762c7793c,legacy-core,review-port,Inspect for real behavior worth porting to seven/
_legacy/v3/core/background_tasks.py,4452,2b7e4bbc9da9c951e52f5d783e3ff3b0b33feb8c1dbbc3aefa5a81916038f74b,legacy-core,review-port,Inspect for real behavior worth porting to seven/
_legacy/v3/core/bot_core.py,9688,5f530047155c31a80237ae47d5360511fa8fe73f3243a3de1e99fe5f88519583,legacy-core,review-port,Inspect for real behavior worth porting to seven/
_legacy/v3/core/bot_initializers.py,21576,1dda8ff21c1d6c791dd5ecc97b46c41f3d147e4c65f93365287be27901f9994c,legacy-core,review-port,Inspect for real behavior worth porting to seven/
_legacy/v3/core/cognitive_architecture.py,17644,1d99bd2a8d5317b8acb9a47fcb44387485f868f071ffd26f92c99e808cb9c944,legacy-core,review-port,Inspect for real behavior worth porting to seven/
_legacy/v3/core/context_cascade.py,13852,ee844d8cbcf2141b62c2269ba55941a3ff0f22ca5f4a6952830fadc643f49e05,legacy-core,review-port,Inspect for real behavior worth porting to seven/
_legacy/v3/core/context_manager.py,8993,4e7016fa4ec91b6d4bbd1733454c239ee70f3740c2068213e63e1fe63882bbfd,legacy-core,review-port,Inspect for real behavior worth porting to seven/
_legacy/v3/core/conversation_analyzer.py,11284,0a1fc29d9be6478b9b6e87631083422caf379860e334f5bd04c69a4d2b1447e7,legacy-core,review-port,Inspect for real behavior worth porting to seven/
_legacy/v3/core/conversation_memory.py,23945,3546ad97d045f16c441d480f1fc4b52c76634059dd4b971c941a30a731589417,legacy-core,review-port,Inspect for real behavior worth porting to seven/
_legacy/v3/core/debug_mode.py,8425,cb05273b80cfaf66fa67161de2b0824cf04025e1c862a67f815dbbdd924cc0dd,legacy-core,review-port,Inspect for real behavior worth porting to seven/
_legacy/v3/core/diary_manager.py,4923,45d35e0c8fb24477e853f01cb6a5ebdb5b48c2c97587a8255cc0964156bcb22b,legacy-core,review-port,Inspect for real behavior worth porting to seven/
_legacy/v3/core/dream_system.py,25733,4ee0b0265e1671f9cca390be0adcfcaf77765b0d0cd1e31ecc8ac9f30dc703dc,legacy-core,review-port,Inspect for real behavior worth porting to seven/
_legacy/v3/core/dynamic_command_system.py,13131,97d8750d7b8ad179ec49502996b106d4ca9198dbf6ac363eccbc0d0ee8bb6454,legacy-core,review-port,Inspect for real behavior worth porting to seven/
_legacy/v3/core/embodied_experience.py,9835,82ca427958937012c6b0c562705692cb35c1f6c48799cae96e5ddbaa8fc042b2,legacy-core,review-port,Inspect for real behavior worth porting to seven/
_legacy/v3/core/emotion_detector.py,4784,a272ed9926df3eb954df6aac79af7c27d500aef9c3815d4745a5dfa001705f9a,legacy-core,review-port,Inspect for real behavior worth porting to seven/
_legacy/v3/core/emotion_detector_dummy.py,252,d5931dea4ddeea2a269c08b0e0f127093d17bd7a1434b9944cce705422f1f62c,legacy-core,review-port,Inspect for real behavior worth porting to seven/
_legacy/v3/core/emotional_complexity.py,17822,10ece3ea68fb5c060f3c07190ba7585b95fc2e1a365f3d6be3859e828fe7dcf9,legacy-core,review-port,Inspect for real behavior worth porting to seven/
_legacy/v3/core/emotional_continuity.py,6818,8f2ed98e395865ff7d649848735b8dfb968e2df81f0698943792d8030042f8e3,legacy-core,review-port,Inspect for real behavior worth porting to seven/
_legacy/v3/core/emotions.py,5105,29bba1ffed32ede9b7671998fcaadad6c9e9acdae2341caea543aa2aae37dd3a,legacy-core,review-port,Inspect for real behavior worth porting to seven/
_legacy/v3/core/enhanced_bot.py,215565,5101085deeb4bc37c2e7116ac0367f9aaafe02ba8dffc9c3dfc91688058574f8,legacy-core,review-port,Inspect for real behavior worth porting to seven/
_legacy/v3/core/enhancement_commands.py,10241,326f47fc76965a9ad58c9131210f03840082ab7e0a9faca602a155b81491d08d,legacy-core,review-port,Inspect for real behavior worth porting to seven/
_legacy/v3/core/enhancements.py,14198,71d258f6106224abecd19c29a714b7a14f7ceec3c468ae8aab7c6d39a5625c57,legacy-core,review-port,Inspect for real behavior worth porting to seven/
_legacy/v3/core/ethical_reasoning.py,22129,dde8f5b7618c636a9d097e1e2a47b2d0203653107cb0b4a625dbd3c945e6a584,legacy-core,review-port,Inspect for real behavior worth porting to seven/
_legacy/v3/core/fact_extractor.py,7193,94c659003de15b3b20750d6f49083a5aabf49562644729b50d9b705b20bfb67f,legacy-core,review-port,Inspect for real behavior worth porting to seven/
_legacy/v3/core/homeostasis_system.py,18245,e9c04645af71116526275c79f2ff3150c644e68ebb712d645dc8a536eee09642,legacy-core,review-port,Inspect for real behavior worth porting to seven/
_legacy/v3/core/identity_commands.py,12386,ef9c253b6974d5137cf19c8d70479648cc973b8d5e6e0bd73814a2b965ba19fd,legacy-core,review-port,Inspect for real behavior worth porting to seven/
_legacy/v3/core/identity_manager.py,13567,d07047decd873dd40ddb70c685133f400b6b3759df8413b45eb5bc7bcd649357,legacy-core,review-port,Inspect for real behavior worth porting to seven/
_legacy/v3/core/interrupt_handler.py,5820,4e5c7832c2534a98324af2f28a126a8c90d6092efcd7cf835da89da630d072ac,legacy-core,review-port,Inspect for real behavior worth porting to seven/
_legacy/v3/core/intrinsic_motivation.py,21612,232d759fcc058895d926bb237144856011db9c4951e25207a6db914c3637b164,legacy-core,review-port,Inspect for real behavior worth porting to seven/
_legacy/v3/core/knowledge_graph.py,16167,55df57a13f2abd6424eff774515666d4674da1622f67ac88f754fc67974ec321,legacy-core,review-port,Inspect for real behavior worth porting to seven/
_legacy/v3/core/learning_system.py,6035,44e93eef32d3a20158e014801a65c072832dc4f43cd684b6064e52d3ebfd29de,legacy-core,review-port,Inspect for real behavior worth porting to seven/
_legacy/v3/core/llm_logger.py,11474,145600aa3e56d0738ecbdb905ffd5beda9807afc55d4cbd36722dd314fc0252f,legacy-core,review-port,Inspect for real behavior worth porting to seven/
_legacy/v3/core/llm_provider.py,31832,a5579cc8d649ba67f21a64866a64cd117e118f9156c5035c3de4a1812b1ec25e,legacy-core,review-port,Inspect for real behavior worth porting to seven/
_legacy/v3/core/memory.py,8447,13b3212fe0c845507112198d2b213c4e33264e7c19234854935e7bd913add654,legacy-core,review-port,Inspect for real behavior worth porting to seven/
_legacy/v3/core/message_drafter.py,3339,630acc012fcd56b99fd658eb046219bb0dbec82ffd38a446eea1cde09d02c6f4,legacy-core,review-port,Inspect for real behavior worth porting to seven/
_legacy/v3/core/metacognition.py,18386,48e413e9ff82ab37e23e2a8bdb61e7b1a303e7ea2e642bbef3f3b4d80023bc9c,legacy-core,review-port,Inspect for real behavior worth porting to seven/
_legacy/v3/core/multi_agent.py,13666,7e2402723b0c4d06d8535d4a41868f1947fa09b412501070b675d729cbe2e2bb,legacy-core,review-port,Inspect for real behavior worth porting to seven/
_legacy/v3/core/multimodal_emotion.py,11241,1fa0e9f1eb9e0eb82f420613c60113b8ef7fa675138d885f04dd978d0ef5d3eb,legacy-core,review-port,Inspect for real behavior worth porting to seven/
_legacy/v3/core/note_commands.py,6608,d866d70c33ecc77f837a5d7530dd4e2b386796868146da21ea56adba17c4cd46,legacy-core,review-port,Inspect for real behavior worth porting to seven/
_legacy/v3/core/notes_manager.py,10151,1e983a190beb1fff6c69d9def9e29e02104c01ff741eb248eaeeabaa7329a0e8,legacy-core,review-port,Inspect for real behavior worth porting to seven/
_legacy/v3/core/ollama_cache.py,5782,894099bafbc0be0b4da0ed9bcce928fa4d24b9b88491bb25dd8fae17574640f9,legacy-core,review-port,Inspect for real behavior worth porting to seven/
_legacy/v3/core/os_awareness.py,14357,c6926a18f15e552c508e98fff83b136b160d9a95d24d33a4a8ab6dbbd1eb0bbb,legacy-core,review-port,Inspect for real behavior worth porting to seven/
_legacy/v3/core/performance_monitor.py,12647,c433ce89190d9121a509e82354d077a96733a8c763b4337b77ac645a6decd35c,legacy-core,review-port,Inspect for real behavior worth porting to seven/
_legacy/v3/core/permission_manager.py,6174,3ad2d8fc9e2bb4c5674a5b2c8c71dd1441aba1f08ced94b0132c8573779f7c8c,legacy-core,review-port,Inspect for real behavior worth porting to seven/
_legacy/v3/core/persistent_emotions.py,15812,8edd87e806cbd91a1e07a5288c0605c86785bdd8a7bf4a6f033b16c38a95dd93,legacy-core,review-port,Inspect for real behavior worth porting to seven/
_legacy/v3/core/personality.py,28430,8831a83dba4cbc3265af43b22d20463e9ca5f376cc0b7aa55dd3bae1055a47fb,legacy-core,review-port,Inspect for real behavior worth porting to seven/
_legacy/v3/core/personality_quirks.py,7504,5d5d80d00f70bf965fe606056de6f5a6e6c5e3234ebb21e81fbb3381ed419959,legacy-core,review-port,Inspect for real behavior worth porting to seven/
_legacy/v3/core/phase5_integration.py,20359,eb2825b499911bd8e9d6047b07ce95ba05c3746b732ffc0337e61f56796ecacf,legacy-core,review-port,Inspect for real behavior worth porting to seven/
_legacy/v3/core/project_tracker.py,5306,ed8ff5b7ee8582e0f2892a369057ffceaf9bb4c012b57b56e0afcf1b6d32e2e5,legacy-core,review-port,Inspect for real behavior worth porting to seven/
_legacy/v3/core/promise_system.py,19662,bb1973d45272e672b2a336c29ba43aa1527fdc1836654630208b92b7c80aa73e,legacy-core,review-port,Inspect for real behavior worth porting to seven/
_legacy/v3/core/reflection_system.py,15638,91dcb4f70b50d3322ccab823817bb99a21b2a1583183536dc30d9220993bba28,legacy-core,review-port,Inspect for real behavior worth porting to seven/
_legacy/v3/core/robust_wrapper.py,7326,53c6b3351dcbba7954fb1dfa9480e4f678380b5cfc6c6b48f929c7b16933ecf1,legacy-core,review-port,Inspect for real behavior worth porting to seven/
_legacy/v3/core/safety_manager.py,9874,01b0abb2c5c5de1465901551f1ad25e09e5aa13eb258774f0edcb8f99841274d,legacy-core,review-port,Inspect for real behavior worth porting to seven/
_legacy/v3/core/self_model_enhanced.py,16458,6c68a2410423ce6dfd2b515d1b176862a57c343debe42b5ca5032de93a3c551d,legacy-core,review-port,Inspect for real behavior worth porting to seven/
_legacy/v3/core/self_reflection.py,13239,e3118af05964df6410f2a7d2e34f5df35b145d5e175d3d07ff77c4e2451c6fd6,legacy-core,review-port,Inspect for real behavior worth porting to seven/
_legacy/v3/core/sentience_benchmark.py,20908,0d7da3cc8527b69681a32fe1cba18ad92e50ae30f10e6e659eaab98de8541227,legacy-core,review-port,Inspect for real behavior worth porting to seven/
_legacy/v3/core/session_manager.py,10131,4c4407947142a8ff4a5a0d763731508846514c5a05d05ee5a7e70278709f6917,legacy-core,review-port,Inspect for real behavior worth porting to seven/
_legacy/v3/core/seven_true_autonomy.py,26568,ab2280b6a207df861f9e4f4dbbb966764a6487c113b0b70045de717a94dfb77c,legacy-core,review-port,Inspect for real behavior worth porting to seven/
_legacy/v3/core/social_sim.py,19806,e75af2986fa215187d46714ecf2e00c3353b6c60a5111ba68af796000ce97b0a,legacy-core,review-port,Inspect for real behavior worth porting to seven/
_legacy/v3/core/special_dates.py,4898,836c7e8dc3eba8339e6861b7a353e8070cf69ff7a136e1bb97081ba719d45ba7,legacy-core,review-port,Inspect for real behavior worth porting to seven/
_legacy/v3/core/state_machine.py,9039,b39077d5b4d1f1aa80bacf423558ccbc9ccdcb70ef269abedec76de964725e35,legacy-core,review-port,Inspect for real behavior worth porting to seven/
_legacy/v3/core/storytelling.py,3182,789d30e6ca1ea7590014b10394c562a4aba4bd73d8d240983bd57eef5116c462,legacy-core,review-port,Inspect for real behavior worth porting to seven/
_legacy/v3/core/structured_identity.py,14322,29ff5696700a7cfe4a8e9e903d2c2eb48669ee6dbd2124b9729c35b6d2b1847b,legacy-core,review-port,Inspect for real behavior worth porting to seven/
_legacy/v3/core/surprise_system.py,16616,d3bde061a106cec978392b7b114c0e8e9bf7ae1f04321cfeb0fc1c9e5f30f00b,legacy-core,review-port,Inspect for real behavior worth porting to seven/
_legacy/v3/core/task_manager.py,13914,44593706f030e974f1bca73889de9850da19535ebb1c246902fc1639d6f6b726,legacy-core,review-port,Inspect for real behavior worth porting to seven/
_legacy/v3/core/temporal_continuity.py,17076,0b884dcd41ce03aa74d6ab174fa24202124dc433c4ead9e5b45f028fb7952c50,legacy-core,review-port,Inspect for real behavior worth porting to seven/
_legacy/v3/core/temporal_learner.py,5641,c9380bbec603bea2b24a611161e1e0c82b978cf2c4b1232eee2017865ab81a98,legacy-core,review-port,Inspect for real behavior worth porting to seven/
_legacy/v3/core/theory_of_mind.py,23234,06d54162632a32f81ee9429d8fdd6bfbac6318138963e39a290b89c3a31a5798,legacy-core,review-port,Inspect for real behavior worth porting to seven/
_legacy/v3/core/tool_library.py,10800,76425b6ec75ed7aaacfe9184091be6e45c32c96176ff12a60af2d13414d2c997,legacy-core,review-port,Inspect for real behavior worth porting to seven/
_legacy/v3/core/tool_library_backup.py.deprecated,11471,86ba419d7820fa93ac3dca90f623f5a78e57cc41569da829f250a7fd63ac631f,legacy-core,review-port,Inspect for real behavior worth porting to seven/
_legacy/v3/core/tool_library_fixed.py.deprecated,3331,02e4dcd5e6a14bfe5cea49c0de366e375c6fea670ac28f1bca8edbd10a902a5b,legacy-core,review-port,Inspect for real behavior worth porting to seven/
_legacy/v3/core/user_model.py,7125,b4b3744f654cd4949b0510bfd4d2f1c9d9252103ffe5e9e454e571bc9471648f,legacy-core,review-port,Inspect for real behavior worth porting to seven/
_legacy/v3/core/user_predictor.py,19414,835954ddd204500b1202134f3e6165bef1fedb84db603f5ba4236cfb46d0c01c,legacy-core,review-port,Inspect for real behavior worth porting to seven/
_legacy/v3/core/v2/SEVEN_COMPLETE_EVALUATION.md,9321,b8807c8fd16711d7ad6fbd852cca93bde8d4eac8163dc4630ae955e290b14ca6,legacy-core,review-port,Inspect for real behavior worth porting to seven/
_legacy/v3/core/v2/SEVEN_V2_DEPLOYMENT_COMPLETE.md,6632,8c07f1ae4bb394cfd6126ac134a23f3915e6df988e7fcf9136d5e4c27dd0dd36,legacy-core,review-port,Inspect for real behavior worth porting to seven/
_legacy/v3/core/v2/STEP1_COMPLETE.md,3850,4aa3b91e6e55dfc44f6e1104fb29ff4db34a1d949e2b3f9a334d848c0223d941,legacy-core,review-port,Inspect for real behavior worth porting to seven/
_legacy/v3/core/v2/STEP2_COMPLETE.md,5867,d9d11ff4c1b81ea1df3dee958b04dc6b8ef77ae32abe7fb5922dc4fb61336f73,legacy-core,review-port,Inspect for real behavior worth porting to seven/
_legacy/v3/core/v2/STEP3_PROGRESS.md,2484,da57610c414a78c306f70425a8fd949a6bb8c80063fdf44e23d23fe32c8a586d,legacy-core,review-port,Inspect for real behavior worth porting to seven/
_legacy/v3/core/v2/__init__.py,1162,8b8334c1333d64ec7a22089108eaf478290c66375696ce47a59353cba5e8ba21,legacy-core,review-port,Inspect for real behavior worth porting to seven/
_legacy/v3/core/v2/advanced_capabilities.py,20017,8783f61629cffaf8df7418c25b67a900e925b5a23ba5976e2066ce759fbe3284,legacy-core,review-port,Inspect for real behavior worth porting to seven/
_legacy/v3/core/v2/emotional_memory.py,10253,098559baf9524e0269c8fcdcefb88e6d79525159b79235e50e7486c67dd4d3ba,legacy-core,review-port,Inspect for real behavior worth porting to seven/
_legacy/v3/core/v2/goal_system.py,5049,a67e88ab70e03b94b17a1293e94bfa50aaaef59971c180f947a0e1e724ff2ad0,legacy-core,review-port,Inspect for real behavior worth porting to seven/
_legacy/v3/core/v2/learning_system.py,13478,6779aadb438dffcb91a6329243c6976a91be0294da3afd25d2ece69ec78115a2,legacy-core,review-port,Inspect for real behavior worth porting to seven/
_legacy/v3/core/v2/proactive_engine.py,20352,0a05b91d05e997919114df846eef01afcc599691701e27ea19f56e6f3ed01e47,legacy-core,review-port,Inspect for real behavior worth porting to seven/
_legacy/v3/core/v2/relationship_model.py,11231,9cfcb005776b7e378fbe73b54666dc6471549df849d58c6c35e7422b0476c817,legacy-core,review-port,Inspect for real behavior worth porting to seven/
_legacy/v3/core/v2/sentience_v2_integration.py,11609,496975f276c8f6b90a1fd63d2b98dce325fd4b073f8af84542419c7acb9d6319,legacy-core,review-port,Inspect for real behavior worth porting to seven/
_legacy/v3/core/v2/seven_complete_emotions.py,14278,18a9bc9727f9c8429b63a19498482e2c4eb1a62acb5c0f8595f387d26a546dce,legacy-core,review-port,Inspect for real behavior worth porting to seven/
_legacy/v3/core/v2/seven_v2_complete.py,10714,ffcc57d09495cd1e3df7953e45f6b5df723f1dbaf867eff2c34e0504136b4cb2,legacy-core,review-port,Inspect for real behavior worth porting to seven/
_legacy/v3/core/vad_listener.py,3982,40849be6eb3f1ed548061a3508d34b43df6dbb879c3480320ece54233d70c036,legacy-core,review-port,Inspect for real behavior worth porting to seven/
_legacy/v3/core/vad_listener_dummy.py,221,f02e76b0a9651a8e6ca3392b18db457866392d6bddbdffccf1b10866aadffebe,legacy-core,review-port,Inspect for real behavior worth porting to seven/
_legacy/v3/core/vector_memory.py,6933,c346be00c1d7e2c5bb07532f6ea38438214ac1fdf29e14c774bea80e02de088c,legacy-core,review-port,Inspect for real behavior worth porting to seven/
_legacy/v3/core/vector_memory_dummy.py,228,cd50c4442349fa0afe7a2e5872fd034b92cf0c71195f87d7be0ebedad9fe663b,legacy-core,review-port,Inspect for real behavior worth porting to seven/
_legacy/v3/core/vector_memory_v2.py,15435,c77577ab8ddb04023fd35f88a831cf9b3c13a20cb19c472d5bf65529abc3ff8d,legacy-core,review-port,Inspect for real behavior worth porting to seven/
_legacy/v3/core/vision_system.py,21551,1eca1a1fe169ef19df5ede2a59f41ff5f595f6ae6f62535ed68786a983ac3e8e,legacy-core,review-port,Inspect for real behavior worth porting to seven/
_legacy/v3/core/voice.py,9129,ef4af4e6df040bdb4ff84e6104db6fff55e48c8c1c68e543d47ccb8cb2a4c23d,legacy-core,review-port,Inspect for real behavior worth porting to seven/
_legacy/v3/core/voice_engine.py,17310,55d526a0db0432ae712cb62457fe18c8bcc3107a1267c0f7c2dd1eb5e3aa6121,legacy-core,review-port,Inspect for real behavior worth porting to seven/
_legacy/v3/core/vulnerability.py,16965,9296f6b49cf2097b7e8aa533754a110d44f39697ccd7e8ab3e65645db3a4ffcc,legacy-core,review-port,Inspect for real behavior worth porting to seven/
_legacy/v3/core/whisper_voice.py,7384,522480f815b6ca1caf21415dd79ba40d3e688afb3643f95eda7d75cd0bf8d3a2,legacy-core,review-port,Inspect for real behavior worth porting to seven/
_legacy/v3/core/whisper_voice_dummy.py,275,c3ed79261c159797aadf1bc10cd149469b8b46b27a889d799554d68755fa2ef2,legacy-core,review-port,Inspect for real behavior worth porting to seven/
_legacy/v3/create_desktop_shortcut.py,1379,15edde3e0809275335b4236d09cbce8b712538bf3d8ef834a0cb979a254c8756,legacy-lifecycle,review-port,Inspect setup/start/update/uninstall behavior for recovery
_legacy/v3/create_distribution.bat,613,7c4ac5a74e622d33f2a8d4d22fcbcd63b09b856d60b123442ba89df487307e10,legacy-lifecycle,review-port,Inspect setup/start/update/uninstall behavior for recovery
_legacy/v3/create_distribution.ps1,9601,ca63fa01c30fd18e70b2c02ea2702f59786559c7794b9bbea533f35a3bf881e6,legacy-lifecycle,review-port,Inspect setup/start/update/uninstall behavior for recovery
_legacy/v3/create_distribution_v2.ps1,5190,d724978cabbfb1f76212cd0e9fa8ee09c76d1d70318ebfc918745b748d30f067,legacy-lifecycle,review-port,Inspect setup/start/update/uninstall behavior for recovery
_legacy/v3/create_package.bat,1109,2a0520eb675279c0a18a04f87251a6d5ee6ad16b5de79c18628d8acd254e6bfb,legacy-lifecycle,review-port,Inspect setup/start/update/uninstall behavior for recovery
_legacy/v3/create_package_v2.ps1,1895,0f55294096a0cf667e78a5d300f99281bae439a68e403ce30e39ac8c63dce3fe,legacy-lifecycle,review-port,Inspect setup/start/update/uninstall behavior for recovery
_legacy/v3/create_shortcut.py,1684,fdcdc51b1651e2f821c839708d70449709997fb8da38338073a34e077c42ca39,legacy-lifecycle,review-port,Inspect setup/start/update/uninstall behavior for recovery
_legacy/v3/create_shortcuts.ps1,948,e5d1e1b19951cdcf79043a6d9b5716c82bb6d70d6fb92b10c6f6c6291b9b5c44,legacy-lifecycle,review-port,Inspect setup/start/update/uninstall behavior for recovery
_legacy/v3/data/creative_ideas.json,650,cc364cf7ec4b9b73ef77e0d8a517b45cc1cd605380f57c260aa64f08d4492268,legacy-data,review-migrate,"Inspect for user data, fixtures, secrets and migration needs"
_legacy/v3/data/learned_preferences.json,1535,3e447da253024f1618878aa32d7eb5b2d07ba711510eb5ef217761b851303405,legacy-data,review-migrate,"Inspect for user data, fixtures, secrets and migration needs"
_legacy/v3/discover_cameras.py,8121,f674da2eedf590971197e53765657bd4f141ba12e4cafcc746d63cbcc3a4ffc8,legacy-root,review-port,Inspect legacy root artifact (discover_cameras.py)
_legacy/v3/docs_old/ALL_ENHANCEMENTS_COMPLETE.md,17080,cec04512053efe5c9e5ee99dae41af94e3e0a2c9b4643e9eabf418fc2becaac2,legacy-documentation,review-archive,Reconcile claims; preserve only useful history/evidence
_legacy/v3/docs_old/AUTONOMOUS_IMPLEMENTATION_PLAN.md,18620,20bdc61b8504734cde32ce4d686bfa91a3ab04124e08328199d71f4cbcae9ac4,legacy-documentation,review-archive,Reconcile claims; preserve only useful history/evidence
_legacy/v3/docs_old/BUG-FIXES-2026-02-01.md,6580,a332a57413cac96a96dae60f1e49943197109158c3952c235e6c01e695812446,legacy-documentation,review-archive,Reconcile claims; preserve only useful history/evidence
_legacy/v3/docs_old/BUG-FIXES.md,4623,34138938537d8981132bebc5456c8af88e8bea8ee5ef55b8fe774968aff00068,legacy-documentation,review-archive,Reconcile claims; preserve only useful history/evidence
_legacy/v3/docs_old/BUG_FIXES_COMPLETE.md,5902,4d35fffe2dcfa7d1711a368252b08e5363bcf26ba37b24d67d0674f9f8ce2c62,legacy-documentation,review-archive,Reconcile claims; preserve only useful history/evidence
_legacy/v3/docs_old/CLAWDBOT_INTEGRATION.md,7285,9cbea8f8f50af2470ed55f2219b467ce377e01ed4c0e35d879704c7c5b622824,legacy-documentation,review-archive,Reconcile claims; preserve only useful history/evidence
_legacy/v3/docs_old/CODE_REVIEW_PHASE5.md,17035,1599cf9b6e978633cd66f1f2fa80744ebc31474ab3f5a61bfc44c7a47e045686,legacy-documentation,review-archive,Reconcile claims; preserve only useful history/evidence
_legacy/v3/docs_old/COMPLETE-HANDOFF.md,8646,23e5630e2935cdfe37c1adcd9173a1984a121dc32e561db8d55c15a1b48ece7e,legacy-documentation,review-archive,Reconcile claims; preserve only useful history/evidence
_legacy/v3/docs_old/COMPLETE-UPDATE-SUMMARY.md,8988,7ff316cb0e6b73bb1c9eedb8836a9b03860861779e63a8cb2f6ae3fd6d127d58,legacy-documentation,review-archive,Reconcile claims; preserve only useful history/evidence
_legacy/v3/docs_old/COMPLETE_SUMMARY_v2.0_FINAL.md,7896,0b4a4d86fe477d0144bd70aabbc84deb287b20e5419d46580f21ceeaf3838320,legacy-documentation,review-archive,Reconcile claims; preserve only useful history/evidence
_legacy/v3/docs_old/COMPLETE_VERIFICATION.md,12853,950bfcd6438dfe2924604ff508a4602112577aac4d2f4b9c1b636d4c84f39b68,legacy-documentation,review-archive,Reconcile claims; preserve only useful history/evidence
_legacy/v3/docs_old/COMPREHENSIVE_CODE_REVIEW_2026.md,7097,c4f6d519140884cf3fefd1f2ad9f86a8e710897cfb258bbcfc6299db8bd5f9d1,legacy-documentation,review-archive,Reconcile claims; preserve only useful history/evidence
_legacy/v3/docs_old/CRITICAL_BUGS_FOUND.md,1117,f3c4d3bf3bfbfc9c31e9055ac3492265bb9e447fe3f391261b70e8d7d3b9ad58,legacy-documentation,review-archive,Reconcile claims; preserve only useful history/evidence
_legacy/v3/docs_old/CRITICAL_CODE_REVIEW.md,24766,85d6e98aed6181c9d899505bbab434d944d955f55f91105078c594ecfce8eb28,legacy-documentation,review-archive,Reconcile claims; preserve only useful history/evidence
_legacy/v3/docs_old/CRITICAL_FIXES_COMPLETE.md,12121,302a26509dc096caa6a204c6743338dbf9bc2c04b8c67b35a8680c0e0950d373,legacy-documentation,review-archive,Reconcile claims; preserve only useful history/evidence
_legacy/v3/docs_old/DISTRIBUTION-GUIDE.md,9133,a3d17186cea3bcd5cd47352822428fb0ab86f1294d8c232170e50d36cfb15863,legacy-documentation,review-archive,Reconcile claims; preserve only useful history/evidence
_legacy/v3/docs_old/DISTRIBUTION_CHECKLIST.md,7801,4795b7df7625e81edcd5cc8691f4e6629548cfde7ffc0882e058966ca16b80d5,legacy-documentation,review-archive,Reconcile claims; preserve only useful history/evidence
_legacy/v3/docs_old/DISTRIBUTION_FINAL_REPORT.md,12252,cf43a17105f5dc762e7a819e7f48cf5a1620eabbecdcad33f921a90c20e0de41,legacy-documentation,review-archive,Reconcile claims; preserve only useful history/evidence
_legacy/v3/docs_old/DISTRIBUTION_GUIDE.md,9362,088d3c9e245a5dcd95f79968c3e4b70c159ace9fdd317ecf94495314c8a1b29d,legacy-documentation,review-archive,Reconcile claims; preserve only useful history/evidence
_legacy/v3/docs_old/DISTRIBUTION_PACKAGE_COMPLETE.md,9208,f334228e30e104252ad35e0173068fba6902ed5ce44c31cfc681e35d084225e1,legacy-documentation,review-archive,Reconcile claims; preserve only useful history/evidence
_legacy/v3/docs_old/DISTRIBUTION_v1.1.0_COMPLETE.md,7974,1ceb0a27738015cd62f6bf661af72d399c3694d487dc80bc5f4d247ea342d191,legacy-documentation,review-archive,Reconcile claims; preserve only useful history/evidence
_legacy/v3/docs_old/EXECUTIVE_SUMMARY.md,8708,b8107d9b843379fc23fc75a8fd70e75a7a59d1e407a472c9755aa4868e048658,legacy-documentation,review-archive,Reconcile claims; preserve only useful history/evidence
_legacy/v3/docs_old/FINAL-COMPLETE.md,13500,c328876319c50e3f989e21ac98a04105ebf88e26a7bde2b1b73e260f4e3c25af,legacy-documentation,review-archive,Reconcile claims; preserve only useful history/evidence
_legacy/v3/docs_old/FINAL_BUG_REPORT.md,5869,73cd5c2e1a038457fd16eb1628e45c6fff80b519618101c9fc45af16e5d827b6,legacy-documentation,review-archive,Reconcile claims; preserve only useful history/evidence
_legacy/v3/docs_old/FINAL_CODE_REVIEW.md,9111,fe98da012410ef44af7046ff34c6929757036fafbbbdf09109673e16af0e10a4,legacy-documentation,review-archive,Reconcile claims; preserve only useful history/evidence
_legacy/v3/docs_old/FINAL_RELEASE_CHECKLIST.md,10551,b1522e85d85ae7781a1c044966affaf2b07d2164d2b24b2399f44a1275f00bc8,legacy-documentation,review-archive,Reconcile claims; preserve only useful history/evidence
_legacy/v3/docs_old/FINAL_STATUS_v2.0.md,6000,2d9f23528c38e8bc5e2e0912cf512c5ae38c77daf115da64a50652bbdccb58eb,legacy-documentation,review-archive,Reconcile claims; preserve only useful history/evidence
_legacy/v3/docs_old/FINAL_STATUS_v2.2.md,6023,eefe299efcbb9ff18a682d07ea065b4deda533fce8984285e2d892e25ddfee1a,legacy-documentation,review-archive,Reconcile claims; preserve only useful history/evidence
_legacy/v3/docs_old/FIXES_COMPLETE.md,13266,3db8201b9b9eeb70d047aef904407b4637898041c37d4e60ff4a70fd401fbdb4,legacy-documentation,review-archive,Reconcile claims; preserve only useful history/evidence
_legacy/v3/docs_old/GUI-UPGRADE.md,6731,11f66eaa5f64738429410617730bf8cabb43eaa1e547374b864e518822f06854,legacy-documentation,review-archive,Reconcile claims; preserve only useful history/evidence
_legacy/v3/docs_old/HONEST_BUG_REPORT.md,4990,c207be2b810a0791b6bd2d9d06d76e17d0dc824180ff45248b9118aa796257ca,legacy-documentation,review-archive,Reconcile claims; preserve only useful history/evidence
_legacy/v3/docs_old/HONEST_STATUS_REPORT.md,11875,6e9a96086de48294eaa596e909396b8a25a1af9072fd2fe0af9eff3f780675f4,legacy-documentation,review-archive,Reconcile claims; preserve only useful history/evidence
_legacy/v3/docs_old/ICON_INSTRUCTIONS.md,2186,7515bae035e766a0a7f966861f5a51b3d715e9e0fb3612c79823019c9871f276,legacy-documentation,review-archive,Reconcile claims; preserve only useful history/evidence
_legacy/v3/docs_old/IMPLEMENTATION_COMPLETE.md,13726,2726e52667584381223a53e3a7b1eac137f413ec4b02a8a78c87b5e51d701dc0,legacy-documentation,review-archive,Reconcile claims; preserve only useful history/evidence
_legacy/v3/docs_old/IMPLEMENTATION_PROGRESS.md,8394,5433d566bfd4be8ba8d73e3ee1bbaedfa163e01832a1def8659da6baceeefef3,legacy-documentation,review-archive,Reconcile claims; preserve only useful history/evidence
_legacy/v3/docs_old/IMPROVEMENT_ROADMAP.md,11408,1563885bff0ef9a22134544b1ba1c505c7f2a032a79d66d76d28e8bc8e8a52a5,legacy-documentation,review-archive,Reconcile claims; preserve only useful history/evidence
_legacy/v3/docs_old/INTERRUPT_GUIDE.md,1816,04f39a5a7b6787c16c1249d2cc22e6a8cd0ac815b090b534955e16d728bdce27,legacy-documentation,review-archive,Reconcile claims; preserve only useful history/evidence
_legacy/v3/docs_old/LAUNCH-SUCCESS.md,6300,6fcd482dcb2345832b263ff05260908b518c0f938b6532cea07a568a09fdf500,legacy-documentation,review-archive,Reconcile claims; preserve only useful history/evidence
_legacy/v3/docs_old/LISTENING_STATUS_ADDED.md,5103,0dd83ff584e3ecfe7d021823aa1dd8c8d6806151797bfe01189a3916bb98fe50,legacy-documentation,review-archive,Reconcile claims; preserve only useful history/evidence
_legacy/v3/docs_old/NEAT_ARCHITECTURE.md,10340,f770068c94c839effbff3e29cbc093155be08f5cb0de48370d5bf68918c4ebbb,legacy-documentation,review-archive,Reconcile claims; preserve only useful history/evidence
_legacy/v3/docs_old/NOTES.md,10060,0116ad994e64d45e4729bfac920e0a2b1248ddc672b3a14ad4c12a114962aabc,legacy-documentation,review-archive,Reconcile claims; preserve only useful history/evidence
_legacy/v3/docs_old/PHASE1_COMPLETE.md,8793,bdb5225fa0bacf2187d1c982384e96f035a23beb9bcf54601378ae325bd70f67,legacy-documentation,review-archive,Reconcile claims; preserve only useful history/evidence
_legacy/v3/docs_old/PHASES_1-3_COMPLETE.md,12324,a9289ccd1769e1ae29d5813eb7ecdf15419adce8c3bfe728812401caa57b1a75,legacy-documentation,review-archive,Reconcile claims; preserve only useful history/evidence
_legacy/v3/docs_old/PHASE_4_COMPLETE.md,6365,b9a0b7193f1e8036c0e500815764c08e3aeb3b78ec06c5e341a53ebb73ef0188,legacy-documentation,review-archive,Reconcile claims; preserve only useful history/evidence
_legacy/v3/docs_old/PHASE_4_IDENTITY_SYSTEM.md,5303,d10ee9d8c6b445f55a522fa6db5630d43aabc030124ce62c512a8a5d1e120604,legacy-documentation,review-archive,Reconcile claims; preserve only useful history/evidence
_legacy/v3/docs_old/PHASE_5_COMPLETE_SENTIENCE.md,20680,c8896565ffe89ad451942c3df5be8c6bcfd3e669e4658d404f7f43a133312170,legacy-documentation,review-archive,Reconcile claims; preserve only useful history/evidence
_legacy/v3/docs_old/PHASE_5_MODULES_COMPLETE.md,9611,0196b10afb0a7821b179c9f72e5bbc1b5ddd760a42d07ee15fde391f38778b32,legacy-documentation,review-archive,Reconcile claims; preserve only useful history/evidence
_legacy/v3/docs_old/PHASE_5_PROGRESS.md,5024,a511625b6720d6ff00c33bfa7a79a1b01fb34d4f773e69d947f3acd803c05e26,legacy-documentation,review-archive,Reconcile claims; preserve only useful history/evidence
_legacy/v3/docs_old/PHASE_5_PROPOSAL.md,12009,c0c143814dacdace110d84587dafdf895abfdefd76d156646ec2b05dcff53e2e,legacy-documentation,review-archive,Reconcile claims; preserve only useful history/evidence
_legacy/v3/docs_old/POST_IMPLEMENTATION_BUG_FIXES.md,5763,e03207e82117d3eb43dd943fce290dbd11c7ac6f45a7a0372fb835c977d0dec1,legacy-documentation,review-archive,Reconcile claims; preserve only useful history/evidence
_legacy/v3/docs_old/POST_LAUNCH_FIXES.md,1970,db4fc0bafc52d5c9da76573f18743a280734b06bcf87a20f62ea76240a2df594,legacy-documentation,review-archive,Reconcile claims; preserve only useful history/evidence
_legacy/v3/docs_old/PRIORITY_ACTION_LIST.md,7180,70e2a43c814c592b7386747186366e667f9cf545a75f0179055fb0fbb535bc9e,legacy-documentation,review-archive,Reconcile claims; preserve only useful history/evidence
_legacy/v3/docs_old/QUICK_SETUP.md,3567,ea77473e7a6c6761ca0fe6624025d908f2f7303f2937c161f75e2fe1bbc04f67,legacy-documentation,review-archive,Reconcile claims; preserve only useful history/evidence
_legacy/v3/docs_old/QUICK_START_GUIDE.md,5344,c47735f3b3ceaade6a2a8ec1c9c90c3dc3bce20b42d8a5df4105d958bd36ebec,legacy-documentation,review-archive,Reconcile claims; preserve only useful history/evidence
_legacy/v3/docs_old/QUICK_START_V2.2.md,4267,b84e24cffe260242c082a53f5eba03570bf4d39296a3cd8ed3daf51f9534475c,legacy-documentation,review-archive,Reconcile claims; preserve only useful history/evidence
_legacy/v3/docs_old/RELEASE_COMPLETE_v2.0.md,8845,01070f0c4c1e7e502525b048e3733d4e41c55105b4c4293ed8659cd38c81e6ba,legacy-documentation,review-archive,Reconcile claims; preserve only useful history/evidence
_legacy/v3/docs_old/SENTIENCE.md,5856,5f097448279f4e074a61a22e834314e0b31b0b1fbe27773e699b3e1ce9841dd4,legacy-documentation,review-archive,Reconcile claims; preserve only useful history/evidence
_legacy/v3/docs_old/SENTIENCE_ANALYSIS.md,9379,998cfaec928eb9dd0b743f01df97b8f58149a98e9a73249c0b3c07b952f5c864,legacy-documentation,review-archive,Reconcile claims; preserve only useful history/evidence
_legacy/v3/docs_old/SENTIENCE_ENHANCEMENT_REPORT_2026.md,56934,59a366f26726d6653b20521c5106284c065151fbc9ee6866deaa2f074a724a8a,legacy-documentation,review-archive,Reconcile claims; preserve only useful history/evidence
_legacy/v3/docs_old/SENTIENCE_EXECUTIVE_SUMMARY.md,4727,f1d205b14b5c7fe4c42fb2491277a51db183e4aa2b8072a77f4cf375b2be3548,legacy-documentation,review-archive,Reconcile claims; preserve only useful history/evidence
_legacy/v3/docs_old/SEVEN_V2.1_COMPLETE_CODE_REVIEW.md,42037,f251cbb56eaaa6b95e8d3c19c106ea71f0f1188e7a6c0dd32da8918f2cb535de,legacy-documentation,review-archive,Reconcile claims; preserve only useful history/evidence
_legacy/v3/docs_old/SEVEN_V2.2_UPGRADE_COMPLETE.md,13890,c4da5f88f109105a40b1ea5f5fe7b83d5874049be5ee63e12719aabf061ad462,legacy-documentation,review-archive,Reconcile claims; preserve only useful history/evidence
_legacy/v3/docs_old/SLEEP-AND-DREAMS.md,8266,62b90b0d300b8408abcfe78dc8f39f16cd0418c81db76f7102e8496d47fe493d,legacy-documentation,review-archive,Reconcile claims; preserve only useful history/evidence
_legacy/v3/docs_old/STABLE.md,7413,ef678aa1caacc065c4ffa794aa96ddb4f02098b1257a1b9967fe044b4367057b,legacy-documentation,review-archive,Reconcile claims; preserve only useful history/evidence
_legacy/v3/docs_old/STEP3_GUI_FIX_COMPLETE.md,8362,2d158046970138881bf7cd08908a7c343e2f1455fd808990ea9b4bd8710b8f7e,legacy-documentation,review-archive,Reconcile claims; preserve only useful history/evidence
_legacy/v3/docs_old/VOICE_INPUT_DIAGNOSTIC.md,4263,61d53b069ab67bb7e1a93854178879b4ffdc498587468ab331fac6a253c8fc1f,legacy-documentation,review-archive,Reconcile claims; preserve only useful history/evidence
_legacy/v3/docs_old/WEBSITE_AND_GUI_UPDATE_COMPLETE.md,8513,e819b511b98d46e1a66bb0f74525c67fa8adfc990775fd4337375a0ea82d0973,legacy-documentation,review-archive,Reconcile claims; preserve only useful history/evidence
_legacy/v3/docs_old/WEBSITE_UPDATE_GUIDE.md,14593,e5b2a8f2d9b34508c0447b92cec08ca6a9043b62675c4ca36ae6016e95fe9f16,legacy-documentation,review-archive,Reconcile claims; preserve only useful history/evidence
_legacy/v3/docs_old/architecture.md,15089,a9d393a075bb22bfb4db6ceb4fbb6aa148aa18a9284960b668d56ee08edee51a,legacy-documentation,review-archive,Reconcile claims; preserve only useful history/evidence
_legacy/v3/docs_old/test_autonomous.py,5184,492d49b84b426a2a4919b76d03ada37831957dc58395e1a4ba628fa2172301ad,legacy-documentation,review-archive,Reconcile claims; preserve only useful history/evidence
_legacy/v3/docs_old/test_autonomous_complete.py,1521,45e2dad5f600247214344de809e769a7a1bdb1b699e15aad50104a09c4d4076a,legacy-documentation,review-archive,Reconcile claims; preserve only useful history/evidence
_legacy/v3/docs_old/test_enhanced_bot_v2.py,1410,3d27b1a76dbe149f4c53ed7f1d295a7c704b6ec7738dffaf66dead1cd58bfc2e,legacy-documentation,review-archive,Reconcile claims; preserve only useful history/evidence
_legacy/v3/docs_old/test_fixed_commands.py.snippet,3280,7777d93f59ddb4818e80abd377b9455686206071d5174ea2c6c57da2fe7caabb,legacy-documentation,review-archive,Reconcile claims; preserve only useful history/evidence
_legacy/v3/docs_old/test_fixes.py,7032,9a2440bc4d04d22afe6691f7cb50093c3845017dbb6e10ce799354d9646846a2,legacy-documentation,review-archive,Reconcile claims; preserve only useful history/evidence
_legacy/v3/docs_old/test_fixes_fixed.py,7033,4b6d446b49135dba76bb9dd0bd6dd97e8ae8d79f1bdd9e1cc9e2fcff99dbb934,legacy-documentation,review-archive,Reconcile claims; preserve only useful history/evidence
_legacy/v3/docs_old/test_identity_system.py,6453,d222a81587437c5279de59aa61d1952666a47f37c93b3c499fcc4d69f16edf67,legacy-documentation,review-archive,Reconcile claims; preserve only useful history/evidence
_legacy/v3/docs_old/test_integration_quick.py,1180,da7a3fd79de9978cf2bc8cf472d7acb9e6c823616c1bfeaa1b93f0943cf15c25,legacy-documentation,review-archive,Reconcile claims; preserve only useful history/evidence
_legacy/v3/docs_old/test_phase4.py,9221,ad4f84c1e1bc2ef1de5836f8f6821084e1f7f09fa730786f6b3c79440d87f57a,legacy-documentation,review-archive,Reconcile claims; preserve only useful history/evidence
_legacy/v3/docs_old/test_phase5_complete.py,9013,4fcce8bffa61f9bdfa9a56ae5631c125e130b292a5eaa833798b5c07855d329f,legacy-documentation,review-archive,Reconcile claims; preserve only useful history/evidence
_legacy/v3/docs_old/test_sentience.py,9269,c2dd2cdf6d12ec6570e54ce8418110f2cdc5d5d8c2502ff760dd298700aabc66,legacy-documentation,review-archive,Reconcile claims; preserve only useful history/evidence
_legacy/v3/docs_old/test_tool_selection.py.snippet,3392,4520de8ff26c52786b7fb37f3fa84e079f424f767de56aa7c4802c7a468b20de,legacy-documentation,review-archive,Reconcile claims; preserve only useful history/evidence
_legacy/v3/docs_old/test_tools_temp.py.snippet,2884,d7c0f7fadcad74ec0197219d6954cf2e8e40afea2f9764262b90bc289c0aaaad,legacy-documentation,review-archive,Reconcile claims; preserve only useful history/evidence
_legacy/v3/docs_old/test_v2.2_sentience.py,6341,22e54bfa71edf3a66a05952115987a8b2ac1ad38c59a981cae7eb2edd8ebc1c2,legacy-documentation,review-archive,Reconcile claims; preserve only useful history/evidence
_legacy/v3/docs_old/test_v2_integration.py,4363,53f5feeb66bce3c181470856dc8bdce64f959ed1993ff9db9b07953eb37033c9,legacy-documentation,review-archive,Reconcile claims; preserve only useful history/evidence
_legacy/v3/docs_old/wiki/Audit-Reports.md,3430,59b4551c55f777584149820958ab981ec901ef29d5a22d022a71d861974eac94,legacy-documentation,review-archive,Reconcile claims; preserve only useful history/evidence
_legacy/v3/docs_old/wiki/Changelog.md,2625,998d242312a73a3e0c0dafd36f98bb4533f3d94e34855c20274d31e3b544332e,legacy-documentation,review-archive,Reconcile claims; preserve only useful history/evidence
_legacy/v3/docs_old/wiki/Extensions.md,4622,16f25ef70291eb5484489f0397a74f4ca836eb7e1729870d05fa4a4c89bfa35f,legacy-documentation,review-archive,Reconcile claims; preserve only useful history/evidence
_legacy/v3/docs_old/wiki/Home.md,2959,46ba327dd1d5a51c09b2f3ddef0bfda83b254280c430376a05ee286ea17c3b9c,legacy-documentation,review-archive,Reconcile claims; preserve only useful history/evidence
_legacy/v3/docs_old/wiki/Installation.md,2390,b52d04467378c8e3f94cc61f8c8061396e39c170af6d4b0814b66b2dc50cdf72,legacy-documentation,review-archive,Reconcile claims; preserve only useful history/evidence
_legacy/v3/docs_old/wiki/MCP-Server.md,4406,cdb6782290e406bbc442ee5adf4a0a655d98aa32f29fdcc930013007f36244f5,legacy-documentation,review-archive,Reconcile claims; preserve only useful history/evidence
_legacy/v3/docs_old/wiki/Sentience-Architecture.md,6824,4864bab7a44e4601eff7bf01f96935831f8fe6254f4b46ad37a91ec5e52d5c91,legacy-documentation,review-archive,Reconcile claims; preserve only useful history/evidence
_legacy/v3/docs_old/wiki/Troubleshooting.md,4755,45191fd1c252fb2dcc481381eb24e48c8fb4680e525ada7b04cb02bf64593616,legacy-documentation,review-archive,Reconcile claims; preserve only useful history/evidence
_legacy/v3/docs_old/wiki/Voice-and-Whisper-STT.md,3953,e98089e7760bfe64254ffbca0e515af1af3c5bfbc9d3b59aa659941e94961998,legacy-documentation,review-archive,Reconcile claims; preserve only useful history/evidence
_legacy/v3/docs_old/wiki/opencode-Delegator.md,4012,00e582361b9689576f80e5493f58a33c409b89a446ce02e232b5495d960299b0,legacy-documentation,review-archive,Reconcile claims; preserve only useful history/evidence
_legacy/v3/evolution/__init__.py,57,ac1ad9b1884b25394fc3ddfd2ddc1c404ec24bda1e7b5c2d4a98c98731c3b589,legacy-evolution,review-port,Inspect for real behavior worth porting to seven/
_legacy/v3/evolution/biological_life.py,17760,81c4e6c555013019d06acced0642943b209f0123d4c900c62d438d00c581e11c,legacy-evolution,review-port,Inspect for real behavior worth porting to seven/
_legacy/v3/evolution/neat_config.txt,2112,d6821c42fb99ceba5dcb0a2cdce81de954d2df4817e3a2168667b050185c3057,legacy-evolution,review-port,Inspect for real behavior worth porting to seven/
_legacy/v3/evolution/neat_evolver.py,21927,acb66bbb1499ed949fd422f4ef866361a5ad0f0fc981aecf26c918147dadbe6d,legacy-evolution,review-port,Inspect for real behavior worth porting to seven/
_legacy/v3/extensions/__init__.py,51,1e4a4044b6f488e0f9321c1c48abdb517907b4e4c197cc151233df1a25ac9f92,legacy-extensions,review-port,Inspect for real behavior worth porting to seven/
_legacy/v3/extensions/action_item_digest.py,15439,05169019b3054080e8f53d97bda746e49f42880988a647a22a82fcdb19b091a6,legacy-extensions,review-port,Inspect for real behavior worth porting to seven/
_legacy/v3/extensions/ambient_listener.py,24826,709f42007de448c556b043ff69dbf16bdf3dbf542f8eba3e39a5bb582c7a3198,legacy-extensions,review-port,Inspect for real behavior worth porting to seven/
_legacy/v3/extensions/auto_backup.py,4480,6e9e258280e2ed154a63d26fcff5f7d3324fe3517fda1d83485dd1e56e43427f,legacy-extensions,review-port,Inspect for real behavior worth porting to seven/
_legacy/v3/extensions/code_snippet_manager.py,9221,67e456236c600a862762a4c6d5f3187fc36fd0b361dfee9f377c614fbe61c18a,legacy-extensions,review-port,Inspect for real behavior worth porting to seven/
_legacy/v3/extensions/conversation_analytics.py,4210,d9c0b19a622da6b677b5bad807aba725c01546235bff0c0ac9bb99726e51e238,legacy-extensions,review-port,Inspect for real behavior worth porting to seven/
_legacy/v3/extensions/daily_digest.py,3609,e7699776a16c67d55c63510f63f20dc5b46478809bd26b2684cbbe393254348d,legacy-extensions,review-port,Inspect for real behavior worth porting to seven/
_legacy/v3/extensions/example_extension.py,1385,924bb7f7dac2aa83a08c07d7dcb06227132a20db71a83d1e465c1eb72677fc34,legacy-extensions,review-port,Inspect for real behavior worth porting to seven/
_legacy/v3/extensions/greeting_manager.py,5502,d14c923f7ac181e1d3d2eff22df845fc79ac1ea27a3e83bd61fa9f985d703a74,legacy-extensions,review-port,Inspect for real behavior worth porting to seven/
_legacy/v3/extensions/habit_tracker.py,7984,343305567b2f72e67c4a2aa9276afacc6cded20906d4193f280946839a471daf,legacy-extensions,review-port,Inspect for real behavior worth porting to seven/
_legacy/v3/extensions/learning_journal.py,4484,4b4ff376e0d6f602588df459f8608501d64ed129c8933e82b626bfd3bf86b24e,legacy-extensions,review-port,Inspect for real behavior worth porting to seven/
_legacy/v3/extensions/mood_tracker.py,4957,41061a307402467e8980f66fe34af7a0d7af4eaa4b8e727e93aaaaaaebed8840,legacy-extensions,review-port,Inspect for real behavior worth porting to seven/
_legacy/v3/extensions/motivation_engine.py,5083,f62a4b6499ac2c2e6bb520217bcb32f136143871975e19d61f1fa6ddd741eb01,legacy-extensions,review-port,Inspect for real behavior worth porting to seven/
_legacy/v3/extensions/news_digest.py,5591,2d9be3492f40e40e089653ca2b8efc82e5a66b2317548e50896c681862cedfe7,legacy-extensions,review-port,Inspect for real behavior worth porting to seven/
_legacy/v3/extensions/opencode_delegator.py,11277,8ae7d012ac398a442d4be9bc730116566112a81e788706ed709bd4c0e4ba617d,legacy-extensions,review-port,Inspect for real behavior worth porting to seven/
_legacy/v3/extensions/pomodoro_timer.py,6846,e204037921d2eb2e705e69771c89eebb88e161bd2cd1248890b705bde12f500a,legacy-extensions,review-port,Inspect for real behavior worth porting to seven/
_legacy/v3/extensions/quote_of_the_day.py,6406,41983b37e80b80a3afa4ab904b919e55e46be3cabede0cc7df843577836cd899,legacy-extensions,review-port,Inspect for real behavior worth porting to seven/
_legacy/v3/extensions/smart_reminders.py,7579,7c9e936689a432bf1e4d7eefb12eeb34bc8f62fdb385adc42deb702943236605,legacy-extensions,review-port,Inspect for real behavior worth porting to seven/
_legacy/v3/extensions/system_health.py,3285,2adaf6bb14ce8804260d45a5b5a925f0a62b87e42d83cd2ffb575a1647b06b8d,legacy-extensions,review-port,Inspect for real behavior worth porting to seven/
_legacy/v3/extensions/uptime_monitor.py,5307,63ab4db15e753b76c2f25f52f951e0d81ce5c016a58426e91665af5b5e30b6b0,legacy-extensions,review-port,Inspect for real behavior worth porting to seven/
_legacy/v3/extensions/weather_reporter.py,4821,e5037d375741f5da94fc35c99efa5dbbecafde305e0a465338d4db2e28abd325,legacy-extensions,review-port,Inspect for real behavior worth porting to seven/
_legacy/v3/find_cameras.py,6486,d95eabc8c59daf2cae7d95ebfd76aff037b19b2806146e13a559d17648753915,legacy-root,review-port,Inspect legacy root artifact (find_cameras.py)
_legacy/v3/fix_config.py,684,acee8c7aaa0dc2471835175e619a4914966ba759a466c88117f6fdf5b05bdefb,legacy-root,review-port,Inspect legacy root artifact (fix_config.py)
_legacy/v3/gen_neat_config.py,3343,8ecb95867522e4fee031825fd99ffe46c0bdd10812f896958a67e7c5f671f405,legacy-root,review-port,Inspect legacy root artifact (gen_neat_config.py)
_legacy/v3/gui/GUI_ERROR_FIX_APPLIED.md,3078,8b43efe0a2e120c63a567548837c2e1d1a7c43941719c58bdee3eb0fe7fe74c7,legacy-gui,review-port,Inspect for real behavior worth porting to seven/
_legacy/v3/gui/__init__.py,113,5039270b361c1e893c6cb33ae5455ec7069a1156a462987a05deb4f51cdf2db9,legacy-gui,review-port,Inspect for real behavior worth porting to seven/
_legacy/v3/gui/bot_gui.py,38923,71930e667a26b3016670fb85176bac32d1f85871ed7ba305b84dca252a4d4510,legacy-gui,review-port,Inspect for real behavior worth porting to seven/
_legacy/v3/gui/bot_gui_notes_tasks.py,13328,60f47960af544c5e73ca0cf5700baea0146337945d30bbf73209f1289fa46d89,legacy-gui,review-port,Inspect for real behavior worth porting to seven/
_legacy/v3/gui/phase5_gui.py,83453,37562a088ac56ddc6b50e6358e7512c9d6b8c5eb8c117148bd6b6cdf708d4057,legacy-gui,review-port,Inspect for real behavior worth porting to seven/
_legacy/v3/gui/phase5_gui_error_fix.py,8560,5da7fd4d0825b2ea4e86a4ad557b9e41b39df8085434b43f1895b5e820b9ad8a,legacy-gui,review-port,Inspect for real behavior worth porting to seven/
_legacy/v3/gui/phase5_gui_fix.py,5486,660c5dd9b7cf8d101da8a863478240b1fcd2b2f1606d793ce98a4b9933f6c5aa,legacy-gui,review-port,Inspect for real behavior worth porting to seven/
_legacy/v3/gui/system_tray.py,7265,0b7e1c78b2d181656f23dd3e672d92069f5af9d92eaa391e29655bc9598f2fb6,legacy-gui,review-port,Inspect for real behavior worth porting to seven/
_legacy/v3/gui/web_ui.py,20532,c8946f9b8a42c30af3ba207080a319cec749b81bba0ccb649f470b9dec219131,legacy-gui,review-port,Inspect for real behavior worth porting to seven/
_legacy/v3/identity/BOOTSTRAP.md,7476,86623406f999dae2512ae3ce96324413d0e5cf04c43949d4fb0a59efb0e64d17,legacy-documentation,review-archive,Reconcile claims; preserve only useful history/evidence
_legacy/v3/identity/HEARTBEAT.md,5424,2ac262fa5118a4c002aa490a6d322dde80e1382f2eacedc72c8ecb6afb35d749,legacy-documentation,review-archive,Reconcile claims; preserve only useful history/evidence
_legacy/v3/identity/IDENTITY.md,2899,5d555422c0584b5e513ef699671fa211a99130519aad468362ae3e9f7adbafe0,legacy-documentation,review-archive,Reconcile claims; preserve only useful history/evidence
_legacy/v3/identity/SILENT_REPLIES.md,6599,5c043ce4a9fd3f95c273f7a18e9db5f6ecd7debd756587440a30d58bb8c686a9,legacy-documentation,review-archive,Reconcile claims; preserve only useful history/evidence
_legacy/v3/identity/SOUL.md,3738,5ef1b8ac251259d99e114f9c62b0047d53f579d0e46ea58e4b3e24f31bd336b3,legacy-documentation,review-archive,Reconcile claims; preserve only useful history/evidence
_legacy/v3/identity/SOUL_AUTONOMOUS.md,593,cacb6e370d0c6c8475b5e052a898795f77e6c5b3531fd86a3b799a0c8fc60fce,legacy-documentation,review-archive,Reconcile claims; preserve only useful history/evidence
_legacy/v3/identity/TOOLS.md,4411,a5662a342094a4163e97db82bddf4395535a3b63dc624a1995f3e4f46b60b7ae,legacy-documentation,review-archive,Reconcile claims; preserve only useful history/evidence
_legacy/v3/identity/USER.md,204,5985ee86667b01dbc181ff3b2c9004c087e5b3a26661af9247306f9cdffd5939,legacy-documentation,review-archive,Reconcile claims; preserve only useful history/evidence
_legacy/v3/install.bat,5885,a4630c8c37e9e485d1a19df7e12fb341e6a2b58236628bc497f605858da0ef9c,legacy-lifecycle,review-port,Inspect setup/start/update/uninstall behavior for recovery
_legacy/v3/install.sh,8945,eba05cb100b39d46bad91e2f9291f153f9bd40d1ebdb8028d0d4806f95ff3154,legacy-lifecycle,review-port,Inspect setup/start/update/uninstall behavior for recovery
_legacy/v3/integrations/__init__.py,22,4d4c12966399954f3741562950e4d76b2fabd3a778eb1ed13dd174f447f1595e,legacy-integrations,review-port,Inspect for real behavior worth porting to seven/
_legacy/v3/integrations/api_explorer.py,19914,cdb03e96ac6646694573b6c5a619bf94a2c1ff5f33093b6564d47d2d9d628f66,legacy-integrations,review-port,Inspect for real behavior worth porting to seven/
_legacy/v3/integrations/calendar.py,6379,b44285a3aa53f9c63f4304d9679ebadf24a1d0fc9fcc2496a4e4f4cac8ccf8a3,legacy-integrations,review-port,Inspect for real behavior worth porting to seven/
_legacy/v3/integrations/clawdbot.py,7789,6459a04699ec8826d76112b4b6705d2191bf88be1f86998b4c7029826cdc63df,legacy-integrations,review-port,Inspect for real behavior worth porting to seven/
_legacy/v3/integrations/clipboard_assistant.py,8001,3b50abc5180a4b536ab3406896517e0362171d6b48b6f8d40e44d90acdb8f487,legacy-integrations,review-port,Inspect for real behavior worth porting to seven/
_legacy/v3/integrations/clipboard_history.py,3527,894520543b61a47a63db9f5b385aed3612ec9858098c4ca3e5a2b62fa281ca55,legacy-integrations,review-port,Inspect for real behavior worth porting to seven/
_legacy/v3/integrations/code_executor.py,14141,bf06e82db33ca860be8d27e5f64fccef66e8a2916ee3c97b5c1900a43c933700,legacy-integrations,review-port,Inspect for real behavior worth porting to seven/
_legacy/v3/integrations/command_processor.py,8273,d1ce950117c2853a0a09bbe8516a2f73d6a964373112265a62bd2f6e106595b7,legacy-integrations,review-port,Inspect for real behavior worth porting to seven/
_legacy/v3/integrations/commands.py,9399,2f9b358ef2d5b4fd20d9d6eb7c4ea2897d1346b6c9e099c008fbe61228319ed9,legacy-integrations,review-port,Inspect for real behavior worth porting to seven/
_legacy/v3/integrations/database_manager.py,33941,e2aa32f73cd18ef45a80bd8f833f737e76778fa1f5bb301a2b2321c6bc565f2c,legacy-integrations,review-port,Inspect for real behavior worth porting to seven/
_legacy/v3/integrations/document_reader.py,6471,5b69b374b2cbaccf014305cc0c65d2e71b42a23c02a8f974cd0c1a6a4d559a93,legacy-integrations,review-port,Inspect for real behavior worth porting to seven/
_legacy/v3/integrations/email_checker.py,10640,603d4283b7c7eb1fdf32dca4467785e8270b3f8d1c6ce9dd7848013a38cc3648,legacy-integrations,review-port,Inspect for real behavior worth porting to seven/
_legacy/v3/integrations/file_manager.py,12131,01b41e2835a4768f1a797fcc7980dfc2b309632771f549968115211a8e08e55c,legacy-integrations,review-port,Inspect for real behavior worth porting to seven/
_legacy/v3/integrations/github_reader.py,10810,9402fffef5e4e01dddbca4ec028724427699fa4d05b2c6f159e384c295022728,legacy-integrations,review-port,Inspect for real behavior worth porting to seven/
_legacy/v3/integrations/irc_client.py,24842,7690e24bd720b708e54c4e18c6acab1740098e56378c5787f813390f83b47fbc,legacy-integrations,review-port,Inspect for real behavior worth porting to seven/
_legacy/v3/integrations/music_player.py,11399,852f02ef06d5a9b37dd289c9d006de0c239fe9c5b298a0747af791f8af6e2e07,legacy-integrations,review-port,Inspect for real behavior worth porting to seven/
_legacy/v3/integrations/ollama.py,12178,a6e48c7682d3a799034817978fba68f682d02d43bc27123c6e7fd9b04b7cb5c1,legacy-integrations,review-port,Inspect for real behavior worth porting to seven/
_legacy/v3/integrations/ollama_manager.py,7974,45fe04edb458c097db3bb4f65592451ab9484b4fdfcff54ff9e62fe8aff12f59,legacy-integrations,review-port,Inspect for real behavior worth porting to seven/
_legacy/v3/integrations/opencode.py,7335,aa58c8dc57e1b9965d4b48da58b89f23307f705c5a0094224e29f35f9217c6a2,legacy-integrations,review-port,Inspect for real behavior worth porting to seven/
_legacy/v3/integrations/pdf_generator.py,5686,f3487d56ca8ae1837b902d8ccdf92aad591071428127c27d183541bcb546f630,legacy-integrations,review-port,Inspect for real behavior worth porting to seven/
_legacy/v3/integrations/robotics.py,16479,29e6a228f377056b3cc62b0d8eeeb28bbeebd47e0b4318967427a9aab5249923,legacy-integrations,review-port,Inspect for real behavior worth porting to seven/
_legacy/v3/integrations/screen_capture.py,3741,77f52daedab6568b05f6bdf3a30a0e3d204503da7067b966547517e2a0816d96,legacy-integrations,review-port,Inspect for real behavior worth porting to seven/
_legacy/v3/integrations/screen_control.py,10036,f30133ed7bdb1a116c7dc91b4fbe2f6f39636123076c23214c17c882f16296ac,legacy-integrations,review-port,Inspect for real behavior worth porting to seven/
_legacy/v3/integrations/self_scripting.py,17439,7b8eebc81ec986a1b835ed432f2c81bd1440b12c8a4c7ac938e109ede3d8d906,legacy-integrations,review-port,Inspect for real behavior worth porting to seven/
_legacy/v3/integrations/ssh_manager.py,16083,6cd0ffa2e988024308143009e4247325bbc2ca9cdf880676f53dae7c42422b8c,legacy-integrations,review-port,Inspect for real behavior worth porting to seven/
_legacy/v3/integrations/streaming_ollama.py,6373,01223de46f2cb7eb6139f5678a38078d1d9a9fd7ffabe412953750a8dc605899,legacy-integrations,review-port,Inspect for real behavior worth porting to seven/
_legacy/v3/integrations/system_monitor.py,9001,0b9b7ecb0268ff3d2218ac2f3475b29d21d144fa9f2a548ca06541bc599f9c36,legacy-integrations,review-port,Inspect for real behavior worth porting to seven/
_legacy/v3/integrations/telegram_client.py,16337,3c707f83c3c09d1fe95977b24d6c72e5233440c9847e1a53ce0d7d026ab5b5d8,legacy-integrations,review-port,Inspect for real behavior worth porting to seven/
_legacy/v3/integrations/text_summarizer.py,3551,5e18bcc71911be1ca40016f5b9ccd1c1bf03c29d061a041d609a55380ee7852d,legacy-integrations,review-port,Inspect for real behavior worth porting to seven/
_legacy/v3/integrations/timer_system.py,10339,a70140c708dcc6d7d2a20752cfb5b20dccd336f70b5776c43c455aa2398078e7,legacy-integrations,review-port,Inspect for real behavior worth porting to seven/
_legacy/v3/integrations/toast_notifications.py,3432,106438c352153a2aaa805c5220a08ab5f420c06bc0187d6c1c33c21dd4589f89,legacy-integrations,review-port,Inspect for real behavior worth porting to seven/
_legacy/v3/integrations/translation.py,4495,18db5a8b23bae25d36188c9155a766bfbae83d99499b8df21f2cfedb5ea44d35,legacy-integrations,review-port,Inspect for real behavior worth porting to seven/
_legacy/v3/integrations/web_scraper.py,7166,b9acfca4c946c43474859b2433e70bfd3c9a9a2f1ba6cf933d3464f91d773d60,legacy-integrations,review-port,Inspect for real behavior worth porting to seven/
_legacy/v3/integrations/web_search.py,5326,979971d74c934a07e85b92df106594f645fa29891b050ed3970828aea5231663,legacy-integrations,review-port,Inspect for real behavior worth porting to seven/
_legacy/v3/integrations/whatsapp_client.py,24054,fbb7f95ec1d499fb8735c9857bc5f6dd766654bb2de3c1c521a66ec53efca15a,legacy-integrations,review-port,Inspect for real behavior worth porting to seven/
_legacy/v3/integrations/window_awareness.py,5977,b0866e505f76c34fbfa75d4e2da460793737e8f3a465f802ad78009d732a060c,legacy-integrations,review-port,Inspect for real behavior worth porting to seven/
_legacy/v3/launch_seven.py,8026,1810b9086bde1b080b2cd5045fd09dc5f538e6eb18b8174cca7cd559070a3b9f,legacy-lifecycle,review-port,Inspect setup/start/update/uninstall behavior for recovery
_legacy/v3/launch_seven.vbs,268,f01239335d2eb1c6830b23f0003a4cec0417cb0b3bd9a61bc5dee725808c494a,legacy-lifecycle,review-port,Inspect setup/start/update/uninstall behavior for recovery
_legacy/v3/launch_v2_test.py,1341,5b6e36576161fff42d68f80a6f6ee3ca44ad1b371ca6f2c2a8f2ffded18431f3,legacy-lifecycle,review-port,Inspect setup/start/update/uninstall behavior for recovery
_legacy/v3/launch_wake_word.bat,657,4a2429af934e3ceddc4ddc808885fc00705a2122c728bb2de45405991ae2ea74,legacy-lifecycle,review-port,Inspect setup/start/update/uninstall behavior for recovery
_legacy/v3/learning/__init__.py,60,6d885efcf9241c7f052f70279fc886621669d989ef14837f70850584ca676dfa,legacy-learning,review-port,Inspect for real behavior worth porting to seven/
_legacy/v3/learning/lora_trainer.py,20325,03c037558190499aca66818c806c8920b04d0dd37afeaeaeaf9eeb30636fae03,legacy-learning,review-port,Inspect for real behavior worth porting to seven/
_legacy/v3/main.py,2147,32679c32f48d5606e7b4898b6a47b8265c65745146f434d0cca052d70caddf23,legacy-root,review-port,Inspect legacy root artifact (main.py)
_legacy/v3/main_with_gui.py,2330,8b4ac2e84bf0e3465ec607fa26335646ba4e2ac62377eb5b7939cf0d0ef019a1,legacy-root,review-port,Inspect legacy root artifact (main_with_gui.py)
_legacy/v3/main_with_gui_and_tray.py,5900,1e4fba91aace2e3604cb3dab606f104612d9c266520f2c2cacddfc74f2a4f1e4,legacy-root,review-port,Inspect legacy root artifact (main_with_gui_and_tray.py)
_legacy/v3/preflight_check.py,7243,427e921e66dd84ac66bb4eb7edd265d8e0de82f17e5089a2864d7edf504532cf,legacy-root,review-port,Inspect legacy root artifact (preflight_check.py)
_legacy/v3/reminder.md,11013,cb70849a6306c0829226daf88f5d466d4f5b2603f7503c0fee613745e277a73b,legacy-documentation,review-archive,Reconcile claims; preserve only useful history/evidence
_legacy/v3/requirements-stable.txt,966,0a5e4525f5b888b703b146e4ac3e4b3562d8c4449ed8e615f85bb913ef258e6f,legacy-root,review-port,Inspect legacy root artifact (requirements-stable.txt)
_legacy/v3/requirements.txt,4236,10f0e711371a962c1d9a0433d503be7882343320d255d261c77a908d0769f1b6,legacy-root,review-port,Inspect legacy root artifact (requirements.txt)
_legacy/v3/run_seven.bat,1054,795df2a31da05ea2fc40d7f78ee33eaa1044d4f51e9182074f52538ee1fc6c8a,legacy-lifecycle,review-port,Inspect setup/start/update/uninstall behavior for recovery
_legacy/v3/scan_code.py,2926,58aa098c1cb5d64affe2bb7dc9de57e0ae658d403d2f2a83cb790653f268c8d0,legacy-root,review-port,Inspect legacy root artifact (scan_code.py)
_legacy/v3/setup_wizard.py,60992,abd23c877fc9703f8effe6455dfe794022522444ccdc368b32fbfd5954bb5abc,legacy-root,review-port,Inspect legacy root artifact (setup_wizard.py)
_legacy/v3/seven_api.py,16928,a7aeb5bc7b1c59cf1cfe123bcdefa0f9986400ffb99069d6d4d0669103799db2,legacy-root,review-port,Inspect legacy root artifact (seven_api.py)
_legacy/v3/seven_daemon.py,13873,dc48920f4fa9aab9556caf92c831d43bd989473d43b00371fa8f59a73ff3e07e,legacy-root,review-port,Inspect legacy root artifact (seven_daemon.py)
_legacy/v3/seven_icon.ico,0,e3b0c44298fc1c149afbf4c8996fb92427ae41e4649b934ca495991b7852b855,legacy-root,review-port,Inspect legacy root artifact (seven_icon.ico)
_legacy/v3/seven_mcp.py,25965,ef4cb96496198a53fb238efc36babad7a08bfc0d6c0fff56748c865a2973ff40,legacy-root,review-port,Inspect legacy root artifact (seven_mcp.py)
_legacy/v3/seven_scheduler.py,16216,7ad5d90d663558171d9882c3f4d348412152c857846fc085c5d504d581b052e3,legacy-root,review-port,Inspect legacy root artifact (seven_scheduler.py)
_legacy/v3/start.bat,215,a9b8942fe5c01229ac54a4326981c7994ce5a77e08b3e2c28d54b8142a476185,legacy-lifecycle,review-port,Inspect setup/start/update/uninstall behavior for recovery
_legacy/v3/test_data/conversational_memory.json,343,5e8d8693e2d6f9e6a556a0e66d8a16de9161794a945e138700c92b13e930b45b,legacy-test_data,review-migrate,"Inspect for user data, fixtures, secrets and migration needs"
_legacy/v3/test_data/habits.json,289,e51eaa72b400d9db2bf8bf435bc0fc883b9e138ed7c2c69ff3d0d7d0160f4831,legacy-test_data,review-migrate,"Inspect for user data, fixtures, secrets and migration needs"
_legacy/v3/test_neat.py,5194,c9646bbc5b3266fdc2d690dc850637233fdcbeebaa82fe9994fecfd20a7a8cb5,legacy-root,review-port,Inspect legacy root artifact (test_neat.py)
_legacy/v3/test_patterns.txt,3050,f1ab0507d3ecdfe5d9873f7179708f3f71fc246b116f2b5a02659a5efd131f88,legacy-root,review-port,Inspect legacy root artifact (test_patterns.txt)
_legacy/v3/test_v3.py,4899,138e2935ca0e77a362d92740cbfef8862678053642e2d92369e912f9675c6b99,legacy-root,review-port,Inspect legacy root artifact (test_v3.py)
_legacy/v3/tests_old/conftest.py,798,1c4f59e69d87880f3623e633b78dea1b0084e5523b27cbe9b5e1b02d733d8a65,legacy-tests,keep-reference,Evidence/reference; map coverage before archive or port
_legacy/v3/tests_old/test_core_systems.py,11280,4e7557bac93cd48c41242517386eb9ff0134ba0c59ef5cf3fff8407864abb2a0,legacy-tests,keep-reference,Evidence/reference; map coverage before archive or port
_legacy/v3/tests_old/test_phase4_identity.py,7663,06cc1a14ac7c889de1fcc610c9762d450fe014db3e20b09e3b11a116f8b9594c,legacy-tests,keep-reference,Evidence/reference; map coverage before archive or port
_legacy/v3/tests_old/test_seven_complete.py,29182,5f2628fc703a37139fb384fbfc1676bc267d8234a0681cd76daf4ad12576fb85,legacy-tests,keep-reference,Evidence/reference; map coverage before archive or port
_legacy/v3/tests_old/test_v26_sentience.py,25930,c70c172268bdbbe846300e9f5313c4439119900b3ba4c6ee7f3cda1449e197fe,legacy-tests,keep-reference,Evidence/reference; map coverage before archive or port
_legacy/v3/tests_old/test_v32_wiring.py,7163,a8ddb4981c2236e941c45dc5d4d433a4a24639affe8c4dc5b83554dd03a2bb3c,legacy-tests,keep-reference,Evidence/reference; map coverage before archive or port
_legacy/v3/uninstall.bat,1888,05842ed8719defc65a23c4b656006aababc08d0b32e46cb68ea6d9e74f87fb4e,legacy-lifecycle,review-port,Inspect setup/start/update/uninstall behavior for recovery
_legacy/v3/uninstall.sh,1806,79257a0aa0c9044561659ed25f3e02c79f4bd8d42fb72a58a66ab3dd2d228bdc,legacy-lifecycle,review-port,Inspect setup/start/update/uninstall behavior for recovery
_legacy/v3/utils/__init__.py,18,fc60a00092a7f4445fd1251e96847477cb78ef6c1cc2884c65d7767cf412937a,legacy-utils,review-port,Inspect for real behavior worth porting to seven/
_legacy/v3/utils/helpers.py,2375,4685094546702dd03846e3f560e7f30e37a92920dff3e23b8db4a383bd08ee85,legacy-utils,review-port,Inspect for real behavior worth porting to seven/
_legacy/v3/utils/logger.py,1278,d58e3e8c6b749ca122517e3f2fa0678f957bd50548b3775f21ca81a5b5da1502,legacy-utils,review-port,Inspect for real behavior worth porting to seven/
_legacy/v3/utils/plugin_loader.py,24576,8e5195d2174b9040a5c0b950230f44e47c87ce93e4c3a829b13e9270dbff4fd1,legacy-utils,review-port,Inspect for real behavior worth porting to seven/
_legacy/v3/verify_gui_fix.py,3538,9620349242c5f5fc79e49ca8285812d66b482c547a02f35f6ecc6e6e2863e54f,legacy-root,review-port,Inspect legacy root artifact (verify_gui_fix.py)
create_seven_shortcut.ps1,549,4f158b26624c5fee342a8ce971ea6a18f12cf6d5508e3055b0ad65451393539b,root-surface,keep-consolidate,Public launch/package/project surface
docs/ACTION_ITEMS.md,1941,3aba0dfe231091bb451393077c23017da82d59f3e75ea6200501985cfeff204d,current-docs,keep-reconcile,Documentation must match current behavior
docs/ALIVE.md,3394,aa9a472ce0b7568dffd40ba1875a4358c1e4be1078f08c52507ae3048424337a,current-docs,keep-reconcile,Documentation must match current behavior
docs/API.md,4271,2b79823a96f7da35299e3a47157a79b923ebd6015cd5319d6f20991ed2a9fc6f,current-docs,keep-reconcile,Documentation must match current behavior
docs/AUDIT_LOG.md,1053,8d0e0cb8a495344c57c1cbce0f707740965a3adb6311438492b28cfd1a9bae2c,current-docs,keep-reconcile,Documentation must match current behavior
docs/AUTONOMY.md,1814,ce94ac21343f4eb5e6ebd5e520f3f8f4ec68af5f8096891e81a0e5549fb2784b,current-docs,keep-reconcile,Documentation must match current behavior
docs/BACKUP_AND_RECOVERY.md,1908,0b88e9c8566a782328254e866edd3f036826b1211cb3a18f9d964be149be0558,current-docs,keep-reconcile,Documentation must match current behavior
docs/CI.md,1498,968d8b188b8cac5efa6ac3a5694dbc812d8693b199a21385371c7a3c67599286,current-docs,keep-reconcile,Documentation must match current behavior
docs/CODING_AGENTS.md,1374,ad29cb26af8dfaa1584b3c7ada3d5ee49a8fe535a7fcc44e92ef403f0290d629,current-docs,keep-reconcile,Documentation must match current behavior
docs/COMPLETION_LEDGER.md,33227,6245e61a71e02ec80043e925be535f32ac9ff4d17b5fb065654c0550c3866d0c,current-docs,keep-reconcile,Documentation must match current behavior
docs/CONTINUE.md,455,38d9fd2ab45488412d88a48b1c9aad2b252583e73d3dd45cb94998639e53ed50,current-docs,keep-reconcile,Documentation must match current behavior
docs/DEVELOPMENT_AND_RELEASE_PROCESS.md,2346,e1cec267b5939ba06b31c6c128d20bbe7c7a02f61829402321ca65fab90fe9b5,current-docs,keep-reconcile,Documentation must match current behavior
docs/DOCUMENT_READING.md,1999,aaf4002ebac4ed10a56d5a05fe747db822f075cdf72dacb9069666b8b6d8dec6,current-docs,keep-reconcile,Documentation must match current behavior
docs/EXTENSIONS.md,1375,f135bd15567c34a32f3e4f1af4fd997a46766b2b1dfb019149eb471856cddf14,current-docs,keep-reconcile,Documentation must match current behavior
docs/GITHUB_READER.md,2299,870569ec92937b3a1c32647b67c3bb51612f02402650048d1f46017a9f0ac95a,current-docs,keep-reconcile,Documentation must match current behavior
docs/INSTALLATION.md,3388,4ddbf62d121812985f2130c0e5701f6f41e16292398c79763a1485109962e617,current-docs,keep-reconcile,Documentation must match current behavior
docs/LEGACY_RECOVERY_MATRIX.md,5936,749793f8a6ca658db64054fbcb6c5623b5849af1ba682db9d9ee9aaa1da995d8,current-docs,keep-reconcile,Documentation must match current behavior
docs/MCP.md,1808,3f0301a4ff93d5b0ee015ff522b07df98fa3eead0d1d840e333466d2bee24a02,current-docs,keep-reconcile,Documentation must match current behavior
docs/MEMORY_OPERATIONS.md,3906,7a2a8d873b06aa3f29d10fc380c95dcbf1175351b6b45976ab012d67f1284a3b,current-docs,keep-reconcile,Documentation must match current behavior
docs/MUSIC_PLAYBACK.md,2434,67c47e316894c2385c9e00730f0da68c9bbaaf7bda5462e152171b390fec2686,current-docs,keep-reconcile,Documentation must match current behavior
docs/NOTIFICATIONS.md,1215,ec3b244662a332530437f832e42e550152eda68e5cfe58172ef7171364954250,current-docs,keep-reconcile,Documentation must match current behavior
docs/OLLAMA.md,1119,8dba474bb5d62879af5456f49a4cfef3c4e4bc253cb22ec2f316a89693ea3d9d,current-docs,keep-reconcile,Documentation must match current behavior
docs/PACKAGING.md,1838,6df46a676df5195d24694179e06c44d876adce981fa291e0f2b40375eed04ecc,current-docs,keep-reconcile,Documentation must match current behavior
docs/PROCESS_LIFECYCLE.md,1127,ab92ae06de5f797cdfd58f3e4b3a2a5a4c680d6327ff67fe351be2b3f76957c9,current-docs,keep-reconcile,Documentation must match current behavior
docs/REMINDERS.md,1423,3248b2f772ff1f35d997603ff8a3db94f1e6a1007706b248b594229e21be2b94,current-docs,keep-reconcile,Documentation must match current behavior
docs/ROBOTICS.md,1508,721582fbc0412b15645be0a88760826eb3861963464f2655a9e55804d97bbd02,current-docs,keep-reconcile,Documentation must match current behavior
docs/SKILLS.md,3169,c8c6451c8597ce8319ec40768952e54f1cbf2fd0486e74ced5a64b9f4d523ae1,current-docs,keep-reconcile,Documentation must match current behavior
docs/SSH.md,3077,de08dbfdc5bc7f934dd8565bd1ef3c033b1244c38e3c6907489c03c04ae68f51,current-docs,keep-reconcile,Documentation must match current behavior
docs/STARTUP.md,1407,3ce3339609a35c83556cba7c8e61b868e526e67f6e2d5da0dc010c811e19b245,current-docs,keep-reconcile,Documentation must match current behavior
docs/TALK.md,1345,ee1698bcc96474c4a56d64a452da97fa416e61719609f3811a90bbe668f2e8e8,current-docs,keep-reconcile,Documentation must match current behavior
docs/VISION.md,2521,e292fc2ff2de6e46511d3ee3a75aa15c0251bb740c323a2371f7edeb7614cd83,current-docs,keep-reconcile,Documentation must match current behavior
docs/VOICE.md,2316,cab91aed8915a2808e6c8797310081fc37cd0ec120ab70394b726286f50b296c,current-docs,keep-reconcile,Documentation must match current behavior
docs/system/ARCHITECTURE.md,1926,96603aa81ca5b4d71f0527cb49b743e844e47856806d888c1aae59036fb17473,current-docs,keep-reconcile,Documentation must match current behavior
docs/system/BUGS_AND_FIXES.md,1933,fbb863796fc30df1f92b3b3555e7cbb8d870d8a00829304955b6b7860c5d1901,current-docs,keep-reconcile,Documentation must match current behavior
docs/system/CAPABILITY_MATRIX.md,2870,a914fc0441fcaf46acf4691c18398c5f995b781bc3b17e8e1ab183a3a7503bc2,current-docs,keep-reconcile,Documentation must match current behavior
docs/system/CHANGELOG_SESSION.md,826,f178565cce7a0afedcaebb3b26f3d07e1a2f844b9571b044f4e4efe090a1ee51,current-docs,keep-reconcile,Documentation must match current behavior
docs/system/ENHANCEMENTS.md,1130,e2bf5e713ea3c63398a69fe6e12c146d044aa251c4207422693f8e328e2993ee,current-docs,keep-reconcile,Documentation must match current behavior
docs/system/FLOWS.md,1970,b719de185ca769c0970ebfafcf26f7acf921985c7611f3016536cbc072175787,current-docs,keep-reconcile,Documentation must match current behavior
docs/system/LEGACY_AND_STALE.md,1236,adf92f556f05d2de454599af68f926d906028d7568c1f93721951faf2d8688eb,current-docs,keep-reconcile,Documentation must match current behavior
docs/system/MEMORY_MODEL.md,1090,0f875a7d9d29c2cd5640c362cb4d147c30686ebc0f9fba7528fb70e2607d29b6,current-docs,keep-reconcile,Documentation must match current behavior
docs/system/MODEL_AND_VOICE.md,1276,495629ee42c5c009c70507504d631d015c4a7bb2464d829627d782391b129d5d,current-docs,keep-reconcile,Documentation must match current behavior
docs/system/NIGHT_BUILD.md,1101,c8aae8a70d7c6419eff2436306ac3019efb0a7e698f637094c40c4c06e9298e6,current-docs,keep-reconcile,Documentation must match current behavior
docs/system/README.md,1282,e24bf6389705d1606d1e5c03cbd5ca70defe4c9a5bfb3756406fd8ceb9dde891,current-docs,keep-reconcile,Documentation must match current behavior
docs/system/RUNBOOK.md,1108,d7a93d1abf8161dd964a3961f4d7faa16b3a3653f884ca89a448b7fa5c9ef863,current-docs,keep-reconcile,Documentation must match current behavior
docs/system/TRUTH_AUDIT.md,3794,62331554838baf65fbaceeee1b70e98f4be6df2a3d0963cd59ec2f0a58ce96db,current-docs,keep-reconcile,Documentation must match current behavior
hardware/seven_robot/seven_robot.ino,1911,3ff6decb76ee0af9564691d590ac462d75b6a1c051b13f0ce6281e98122d01a4,root-surface,keep-consolidate,Public launch/package/project surface
install_autostart.ps1,823,8cd2569757016df6c15a848827021ba278a2511fa8744b1d86b5486dac20cf41,root-surface,keep-consolidate,Public launch/package/project surface
pyproject.toml,2070,bf017c82d9d7c69b70b9d82484ab51b147edf430714d5d07f2a55e77dcb5dd8a,root-surface,keep-consolidate,Public launch/package/project surface
pytest.ini,102,6e8d7888fd68f92cc71349d10b25fd0c226d32ae930bd8e044007f893080b248,root-surface,keep-consolidate,Public launch/package/project surface
requirements-real.txt,140,0d41e5f0cf7558b57cc5d7d7c5bac8051d2d793526accff99beece8b5b67c947,root-surface,keep-consolidate,Public launch/package/project surface
run_seven.bat,272,a04c0dce294776539f695fd09b0747b3d5a60c4663d296c6beffe17571f7da1c,root-surface,keep-consolidate,Public launch/package/project surface
run_seven_daemon.bat,246,e0e683ef20aed815d9ebb0e07486bdcad4f83d9b5992696aa152f0f10f660789,root-surface,keep-consolidate,Public launch/package/project surface
run_seven_gui.bat,210,56f9c255ae7ebd4bd2c11fa89499e8397434bbd5d6d776a1a560e835987bbf6a,root-surface,keep-consolidate,Public launch/package/project surface
run_seven_quiet.bat,317,08c0e4acc61fbc16df0a9c81b72b26a44832062f475927934921b8471633ef85,root-surface,keep-consolidate,Public launch/package/project surface
run_seven_real.bat,257,58a175e575ac78c6495996665e39065cce4284dfa5fb748abbd3b11a9465a9d8,root-surface,keep-consolidate,Public launch/package/project surface
run_seven_voice.bat,218,55d8f6b947a79eca5801385fbab783b147fc0eb13625305ba88b091cfd3bd64a,root-surface,keep-consolidate,Public launch/package/project surface
scripts/generate_file_inventory.py,3710,3f4fe90116cecc9b01e231bcdbb370da4983b80b5225614777429f988a0e86f3,release-tools,keep-audit,Developer/release automation requires validation
scripts/generate_legacy_symbol_inventory.py,2297,35eb5baf1e9431713c65b0f77dfacc7e4a3c0f3e91d7faccbb51db46a1dff3aa,release-tools,keep-audit,Developer/release automation requires validation
scripts/setup_voice_preview.py,1128,86bf1cb7621c673702de7dff222636dc5c20d1151cd6d19002a3f6560c3710e0,release-tools,keep-audit,Developer/release automation requires validation
scripts/smoke_companion.py,1786,bc7698679140d6f42f0487463991b396651af750ceca6c5c636de81979fcded4,release-tools,keep-audit,Developer/release automation requires validation
scripts/verify_install_lifecycle.py,5374,5555a541307489516cb073384d7f59b2341df0df7a55a069cb3c4c5f00b75674,release-tools,keep-audit,Developer/release automation requires validation
scripts/verify_truth.py,3274,da901f3791a415e568bad71f47c594d6dcedca52bb11e8b0a0282b3636d24e17,release-tools,keep-audit,Developer/release automation requires validation
scripts/verify_wheel.py,2049,bc18753504e04ed55732c3580417abc0fe9cfbe7461b3858a584ab25fa4720f9,release-tools,keep-audit,Developer/release automation requires validation
seven/__init__.py,181,58b8f8dd2ef71331219b0941db9f602bbfa9b9d18461b95465eb3c55bac07d6e,production,keep-audit,Supported runtime; verify implementation and tests
seven/__main__.py,11252,acde88ddedcf6d61e228cd27f74d6c56d139721a9f95721365ffdd5e45ff9fd0,production,keep-audit,Supported runtime; verify implementation and tests
seven/agent/__init__.py,45,84f6fc9605dc3c82a65cd831d1fcb2635ddeea0c6623c5f8233e03e3ad234739,production,keep-audit,Supported runtime; verify implementation and tests
seven/agent/autonomy.py,12567,10f78f149ecbf074efcc37f3645ac52718c5f60767301a6ba354dcfc384dac5b,production,keep-audit,Supported runtime; verify implementation and tests
seven/agent/loop.py,21689,0a0b06c796e45f8b8a6025271e52e6c39681fc63dd22f957bcf861eaac5207e1,production,keep-audit,Supported runtime; verify implementation and tests
seven/agent/prompt.py,2575,cc7bd1e7232bd97ae0feb53b2fa61963975d239d6de5943557759b62b883e6bf,production,keep-audit,Supported runtime; verify implementation and tests
seven/brain/__init__.py,44,2b9909fa1ea454586fcbae4f3bddc100c77148d0fc969462036b8dcfc2587bf6,production,keep-audit,Supported runtime; verify implementation and tests
seven/brain/llm.py,24113,cfb58f3fa2d607cee3e8a94fbeb19be7af39ea8f30daed3c58944b35c834ad5e,production,keep-audit,Supported runtime; verify implementation and tests
seven/brain/models.py,2296,4f23bfd28f039d8ca91c00f97253e3c85d860e04f31e0336d51b5d908049c155,production,keep-audit,Supported runtime; verify implementation and tests
seven/config.py,9568,149c1d375d91fb5dfeda52c02884716515077ac2297d43bdc8d75c90e4aa7c04,production,keep-audit,Supported runtime; verify implementation and tests
seven/embodiment/__init__.py,60,6929e4d3c3182176185d8bf61dfdf89d3148a10c984a2da6e2034fce45717641,production,keep-audit,Supported runtime; verify implementation and tests
seven/embodiment/bus.py,5535,eec85bb4d1b9300223a79719686fe763b80e39f80e6d901c8f791adbf29f76d1,production,keep-audit,Supported runtime; verify implementation and tests
seven/extensions/__init__.py,39,8cca97aa9a06b24e75c97e038942c618a92f41ffe2c20e80ba9f8b2e4e4332b4,production,keep-audit,Supported runtime; verify implementation and tests
seven/extensions/manager.py,4382,7d576b71d4d80ba80b7eea2f4d50d4531515eaee453445f73a20733519461e6c,production,keep-audit,Supported runtime; verify implementation and tests
seven/identity/IDENTITY.md,229,e7f1b14be42f144a48f0a11e676c2390c3377840e65bac7e55a7fc68b7e9adce,production,keep-audit,Supported runtime; verify implementation and tests
seven/identity/SOUL.md,378,1b8cad55a86bcb42f643c23e16887fcb16a92d89b256c150028a601f9d921d13,production,keep-audit,Supported runtime; verify implementation and tests
seven/identity/TOOLS.md,718,8732bd385d1ce10b68c7765a510dfdb58283b58202709f1eb85d66cb1f40d02d,production,keep-audit,Supported runtime; verify implementation and tests
seven/identity/USER.md,273,6ad9a7ca4880c2f375a11ca6b257bd0b510a561ffc6f8bf3f4222bde37faf6f0,production,keep-audit,Supported runtime; verify implementation and tests
seven/mcp_server.py,3145,2a655b3c009aeb0938240760b83783b770d5b0d57fcdd7098e63efd42ca4a4b9,production,keep-audit,Supported runtime; verify implementation and tests
seven/memory/__init__.py,48,58671af2501f90d74eec5ab8765c6faab9d26875544db0e7207ba118750ba6f6,production,keep-audit,Supported runtime; verify implementation and tests
seven/memory/store.py,41173,61e74d11d9d78e7ee326daafe770af07c8cb7691e4ada501169efe6633fd39f7,production,keep-audit,Supported runtime; verify implementation and tests
seven/memory/vector.py,2560,c02a4d69a90652486f21c75fdd767f82c1412c4ef747754006e7d2342c8f571a,production,keep-audit,Supported runtime; verify implementation and tests
seven/mind/__init__.py,153,ebfb49a0b4890248a8a0a4123aacc8d6d67d3acfd5651d6171cba1fd9faf3700,production,keep-audit,Supported runtime; verify implementation and tests
seven/mind/action_items.py,1477,467ca964824c8fa693f63debdb8e8caea88dc5b840c47536a965b1267ceef7d0,production,keep-audit,Supported runtime; verify implementation and tests
seven/mind/episodic.py,2779,83f87b6fa4f8d0e42937e95ec60c58d24cf4f243480eaebed2fb68429409da07,production,keep-audit,Supported runtime; verify implementation and tests
seven/mind/freewill.py,13643,f54bc32be22bb46044041a07e03d2762e7b0ffa925df94e3aea1af20dc9dde22,production,keep-audit,Supported runtime; verify implementation and tests
seven/mind/planner.py,6557,7ad0c60379c0c2f2c020ad50a9fcb044d3d6fa4b616537e660d871fb2a34a78d,production,keep-audit,Supported runtime; verify implementation and tests
seven/mind/preferences.py,1566,eaefac614aab7b2f2efc454d819b0328e7c20fa2a6af423119727a77627c511d,production,keep-audit,Supported runtime; verify implementation and tests
seven/mind/self_model.py,3511,cb6d53d2f75abfe58ac02f0003991870f1aafacde892fa8f27792b0a408eaa5f,production,keep-audit,Supported runtime; verify implementation and tests
seven/mind/state.py,4775,3ff20fede13844c96fdb8be7e59243002cde6e1216fac9f04f9dcbb431486952,production,keep-audit,Supported runtime; verify implementation and tests
seven/mind/world.py,4825,9aae282552d457f0f05bccc7af4d969c18ce07dde3f70787c5dc3ccddb4d53a7,production,keep-audit,Supported runtime; verify implementation and tests
seven/runtime/__init__.py,57,0b32457a38507d417936283db35febdda277d426e338113818c79e38f9cd9a56,production,keep-audit,Supported runtime; verify implementation and tests
seven/runtime/audio_worker.py,2439,67e186092cf6463fa0240fe166f90141bef99204fbc07e30aceebb0d023d09f5,production,keep-audit,Supported runtime; verify implementation and tests
seven/runtime/backup.py,8578,9789d3707b8921841db4926d1cfd4283f44525ab8457e5b8d67eb7f404cda075,production,keep-audit,Supported runtime; verify implementation and tests
seven/runtime/daemon.py,8633,27e55d25fbbd1bfb19e9d4178fd49d015a173a6b008de04923a7936b613edba4,production,keep-audit,Supported runtime; verify implementation and tests
seven/runtime/memory_maintenance.py,12730,0260bb619e72c234d588435884c85bb1db8b7268f197eb1ca170c68dc02075cd,production,keep-audit,Supported runtime; verify implementation and tests
seven/runtime/memory_ops.py,3657,aa0091db7970d021d751c55c5100a703415e0e09d059dc80d454c543498ccd70,production,keep-audit,Supported runtime; verify implementation and tests
seven/runtime/notifications.py,3346,a7d86d4bbbaf77061ebaf31ac6c79e5d649d676df54a0a4d12994de944b2377b,production,keep-audit,Supported runtime; verify implementation and tests
seven/runtime/process.py,2697,4b762b4da696f7fa03f32d0e3318b820465e3106eb43d6f0b540506ea0951764,production,keep-audit,Supported runtime; verify implementation and tests
seven/runtime/startup.py,2777,0508069f0e219232f7b88f7ded082e42fa7b9f00c0f648f414ca4caf21d04438,production,keep-audit,Supported runtime; verify implementation and tests
seven/sensors/__init__.py,148,b1814611f0fa5383b12443b48c595fcc366d71169d5e3135b81f5db44e2e55b8,production,keep-audit,Supported runtime; verify implementation and tests
seven/sensors/camera.py,2577,2da3ab979c7214c48c11c1e072d2549381fca468b0cb12c0c8791cbde63e8315,production,keep-audit,Supported runtime; verify implementation and tests
seven/sensors/presence.py,2204,bc48b77d9be8f198ebb458b98c8d4b2806b8bcf6a68efbd17cccc1308f17591f,production,keep-audit,Supported runtime; verify implementation and tests
seven/tools/__init__.py,113,bb37ea2136acc74c23bb20aa782109eb6b193a5ffa535bf42e0a6836653f45fc,production,keep-audit,Supported runtime; verify implementation and tests
seven/tools/action_items.py,1893,4e43af1a16775b8212e0a04d3c023c144b9c022b44618bd9642e9b193cf8fc3e,production,keep-audit,Supported runtime; verify implementation and tests
seven/tools/browser.py,3234,38ce1a3f2fda6b061865f1c3d4e6caafe235538dedb657fa012d09aa4fb69f78,production,keep-audit,Supported runtime; verify implementation and tests
seven/tools/clipboard.py,1824,85a7b71ce401b9c96743cf5ba38b164c92b3b5f01c4e0c8a5e46cface3fe3aab,production,keep-audit,Supported runtime; verify implementation and tests
seven/tools/code_run.py,1918,aa3b3e4b47b345245f530e758af6feaacea99b9e5f0fcfc054537252aa00ccaf,production,keep-audit,Supported runtime; verify implementation and tests
seven/tools/coding_agent.py,5198,d95a8ee046a5660ff8d2266efd7edc25ea2a819e3dc18bbfdfb0c36e85db503b,production,keep-audit,Supported runtime; verify implementation and tests
seven/tools/desktop_windows.py,5135,209508b08b9826179b019fa304af0e7bad733141c0d49a09bc03f8e9468f3a94,production,keep-audit,Supported runtime; verify implementation and tests
seven/tools/documents.py,7173,12c3bef7767739f46e00bafb223474a7800417087e098e781f2f9aae07ecd954,production,keep-audit,Supported runtime; verify implementation and tests
seven/tools/files.py,5572,a4bed338c2706e4768022a0608997ea055eeb98af72cfcd9ab30d4fccd26e4fb,production,keep-audit,Supported runtime; verify implementation and tests
seven/tools/github_reader.py,7934,63e6a694486abb85284d3ba625fb59543dfcfef8acee2dfb8e8d1a0a8fa03132,production,keep-audit,Supported runtime; verify implementation and tests
seven/tools/mind_tools.py,15168,dbac20fa97ec5d84a3af0bccc40d1ee41f044e9e05fa3f27db11c1ab4fcae63d,production,keep-audit,Supported runtime; verify implementation and tests
seven/tools/music.py,8712,9e71ef9eb36397fd172a96fb974f1b69bba967726dfb8c0eecd41151c8264804,production,keep-audit,Supported runtime; verify implementation and tests
seven/tools/notes_tasks.py,6228,cc51c6b626d18d50d2ba3d0629b67f55fe0a0dcf592f6bbd12b52f2e05e952a4,production,keep-audit,Supported runtime; verify implementation and tests
seven/tools/notifications.py,829,838af408eda8cd4b836d052eee1a5b146899b6f67a5a6cb315e6905201eee421,production,keep-audit,Supported runtime; verify implementation and tests
seven/tools/ollama_manager.py,6366,85ac4d785c2c8b1c0cbebe58e46995378fa548c093e56f0545eb46b678f4828f,production,keep-audit,Supported runtime; verify implementation and tests
seven/tools/registry.py,8300,31f993f303d5d3bf4efa381c0830ed5c3e0b47eeda9d86e8a88794773724a374,production,keep-audit,Supported runtime; verify implementation and tests
seven/tools/robotics_bus.py,5680,37054b557ddf0e3a663c70657941551f2dbbc29a7fb275e5e8d782cefc61a5e3,production,keep-audit,Supported runtime; verify implementation and tests
seven/tools/sanitize.py,3552,a7e7218c2b1be1e543f81a30d68cbab089627316aded94167b252676f1746671,production,keep-audit,Supported runtime; verify implementation and tests
seven/tools/screen.py,5652,7b6f848d13ce84b542b6a47c6df781dd62e16ca61d699d43d16b1ca91ab61722,production,keep-audit,Supported runtime; verify implementation and tests
seven/tools/shell.py,3757,6d2d6195e163bfca0309f9e30c9251b34e4248fb0fe76debdb95c5b048671860,production,keep-audit,Supported runtime; verify implementation and tests
seven/tools/ssh.py,6954,ba6f65352914caaeb04c60c6f179603d06f6651bee9a250a6b96ada72349dded,production,keep-audit,Supported runtime; verify implementation and tests
seven/tools/system_info.py,1519,10d4813a13f9322908859cb972728575ea7c2636e2c1caa7546eda4e99f63000,production,keep-audit,Supported runtime; verify implementation and tests
seven/tools/vision.py,8057,388c65794006210320184cd0616d24a974fe5142ba5457a0aa06bc877a75a3ca,production,keep-audit,Supported runtime; verify implementation and tests
seven/tools/web.py,3381,db959c94e3a7b5cce364809c05f32cdb9330b4f2d0f0cd675e835016cd0903ba,production,keep-audit,Supported runtime; verify implementation and tests
seven/ui/__init__.py,15,555238140cf6dcf45703b4373b0bc79c959e1379192a2f7933358982a49d01ff,production,keep-audit,Supported runtime; verify implementation and tests
seven/ui/api_server.py,12011,bb0b4b3cb09567fed2c01170c269b3b99b0bae39b323d712ab2136850ae59423,production,keep-audit,Supported runtime; verify implementation and tests
seven/ui/chat_gui.py,11895,0a3f698f66088b79dfcb6d3ce30ee19f8ce711090181968ab00629befc794528,production,keep-audit,Supported runtime; verify implementation and tests
seven/ui/cli.py,4120,c8e9e0741cde6e1d202281891746fa2cff85dbab9d7ec9e2391db7aa8282cf14,production,keep-audit,Supported runtime; verify implementation and tests
seven/ui/desktop.py,1142,7c068df4c19a8476b1c00554a34ad850e35bfe8143d1d4cd9f833387c7eb4f23,production,keep-audit,Supported runtime; verify implementation and tests
seven/ui/talk.py,8311,106cd8dbdc9bede73426e33be688c943e3f904b6e21fbd047e8e4a951c51b8da,production,keep-audit,Supported runtime; verify implementation and tests
seven/voice/__init__.py,47,86247d198344d03fb3fcb6949322de23d381e350cb9d3ef79ee60a6092a59ab1,production,keep-audit,Supported runtime; verify implementation and tests
seven/voice/io.py,13930,a3dd49477b9588001a420a8d8d04221bed63efe97f98f7840e6f02b1921f56b3,production,keep-audit,Supported runtime; verify implementation and tests
tests/test_action_items.py,2254,f73b10b06bf79c94b58f79afae78d8e795fb8adc8ceac8209f1ef969bfbcba74,current-tests,keep-expand,Current evidence; expand coverage and split suites
tests/test_api_lifecycle.py,6862,45d7d15f744013598d7c4a55ae48917e623e78f094ac06530bd070e6c5ae6167,current-tests,keep-expand,Current evidence; expand coverage and split suites
tests/test_audit_redaction.py,1443,8712ad13a3a6b22741365ea276899b2594d585f61cbe091a8d13fc1074ae6de4,current-tests,keep-expand,Current evidence; expand coverage and split suites
tests/test_backup.py,2290,d89c84466a9df8d3460554f342e618999ae81690ccd2b50e76b1fcef028b412a,current-tests,keep-expand,Current evidence; expand coverage and split suites
tests/test_coding_agents.py,2328,8743593fe63f1edc2bdc7caaf3d3ad6b7127b7a8138e9d727a89c7269f6caeac,current-tests,keep-expand,Current evidence; expand coverage and split suites
tests/test_daemon_lifecycle.py,2996,fba13b4d95f42884dbf5a2f8cefd8556d1027067db96364779b95b314112a029,current-tests,keep-expand,Current evidence; expand coverage and split suites
tests/test_documents.py,3320,157d556057889d34fbce6de5cb2cf68fadc5dffe1380c7b2790b9645d3f76cca,current-tests,keep-expand,Current evidence; expand coverage and split suites
tests/test_extensions.py,2554,c82b2028104b1d240e4f6e792d920063bcc17070de5b83045bd9e89e41712d38,current-tests,keep-expand,Current evidence; expand coverage and split suites
tests/test_github_reader.py,3776,75b911740d6a14d8ce4c397969400cd39ecf5ffc1f4f70ae0fcfa398238410a8,current-tests,keep-expand,Current evidence; expand coverage and split suites
tests/test_mcp_server.py,1412,ad00dac97904fdc883e5684a8b1d9c4efa922e9b895b4f40dad936b81d1c9192,current-tests,keep-expand,Current evidence; expand coverage and split suites
tests/test_memory_maintenance.py,5978,6209f083234956c56340ce1b78967eddc52266baafa10262e4d41b0d92b80a2e,current-tests,keep-expand,Current evidence; expand coverage and split suites
tests/test_memory_ops.py,1943,3d1893fb5a9fce4dbdf779614657fbd68701645debb628deeb8692ba7d77840f,current-tests,keep-expand,Current evidence; expand coverage and split suites
tests/test_music.py,3317,b57e64265dd3d0b3bf08cdd7f4e8d41be30bd59c934d606ddaeedc6b22cd3269,current-tests,keep-expand,Current evidence; expand coverage and split suites
tests/test_notifications.py,2163,40c684de5097750f2be9c0d80d5ad39442e62d81f983278dd3ceba9952279295,current-tests,keep-expand,Current evidence; expand coverage and split suites
tests/test_ollama_manager.py,2329,d917d9c0c0f6d851d450619a0d71eee7c7c711e6eeda993675b80cdb80351f78,current-tests,keep-expand,Current evidence; expand coverage and split suites
tests/test_package_assets.py,649,2a157a50aaaa2d47f12d7089c96b5a994ff3316ee65f63baa72e988572ca2fc0,current-tests,keep-expand,Current evidence; expand coverage and split suites
tests/test_process_lifecycle.py,1757,7eb1ea0d329f59225c6bd65d463819c5c473416d1cda2740a3da256a53f0b41f,current-tests,keep-expand,Current evidence; expand coverage and split suites
tests/test_reminders.py,1616,e366a0e9406ac33024c711cfad3cc4ba2b12a03e5335ee23356963409dea4859,current-tests,keep-expand,Current evidence; expand coverage and split suites
tests/test_robotics.py,1455,79a8b5c95ad1f5f62f5805186a9d39dcb15b75f9de39dc3e5e1e64bf81ec2b2a,current-tests,keep-expand,Current evidence; expand coverage and split suites
tests/test_seven_real.py,17701,d625e40cbe2e98b6598738f15e9ee82e2744e71e310230e3c2c88c36fc445f50,current-tests,keep-expand,Current evidence; expand coverage and split suites
tests/test_skill_versions.py,4233,6763acab9bffbcd49deee44ccef2bbb732654bd4023b2448494f325799de4e2e,current-tests,keep-expand,Current evidence; expand coverage and split suites
tests/test_ssh.py,3697,399181ba22300db6090f3818286bd97b377f1ef4db18e51c96d333907c2574f2,current-tests,keep-expand,Current evidence; expand coverage and split suites
tests/test_startup.py,1256,d73bef1ac26a1394021144a3bebbf0cd9ca461399dbc83a576ac890773f130b0,current-tests,keep-expand,Current evidence; expand coverage and split suites
uv.lock,1040630,c8bae871e89031c2729778b962fac6bddaf908035220006130d23d74b6852f1a,root-surface,keep-consolidate,Public launch/package/project surface
